gene,module
Aatf,TF
Abl1,TF
Aes,TF
Aff3,TF
Ahr,TF
Aire,TF
Alx1,TF
Alx3,TF
Alx4,TF
Apex1,TF
Ar,TF
Arid1a,TF
Arid1b,TF
Arid2,TF
Arid3a,TF
Arid3b,TF
Arid3c,TF
Arid4a,TF
Arid4b,TF
Arid5a,TF
Arid5b,TF
Arnt,TF
Arnt2,TF
Arntl,TF
Arntl2,TF
Arx,TF
Ascc1,TF
Ascl1,TF
Ascl2,TF
Ascl3,TF
Atf1,TF
Atf2,TF
Atf3,TF
Atf4,TF
Atf5,TF
Atf6,TF
Atf6b,TF
Atf7,TF
Atf7ip,TF
Atm,TF
Atoh1,TF
Atoh7,TF
Atoh8,TF
Atr,TF
Bach1,TF
Bach2,TF
Bag1,TF
Barhl1,TF
Barx1,TF
Barx2,TF
Batf,TF
Batf2,TF
Batf3,TF
Baz1a,TF
Baz2a,TF
Baz2b,TF
Bcl11a,TF
Bcl3,TF
Bcl6,TF
Bcor,TF
Bdp1,TF
Bex1,TF
Bhlha15,TF
Bhlhe22,TF
Bhlhe23,TF
Bhlhe40,TF
Bhlhe41,TF
Bin1,TF
Blzf1,TF
Bmi1,TF
Bmp4,TF
Bmp7,TF
Bptf,TF
Brd4,TF
Brd7,TF
Brf1,TF
Bsx,TF
Btaf1,TF
C1d,TF
Camta2,TF
Cbfa2t3,TF
Ccnt1,TF
Ccnt2,TF
Ccrn4l,TF
Cd3eap,TF
Cdc5l,TF
Cdc6,TF
Cdk7,TF
Cdk8,TF
Cdk9,TF
Cdkn1a,TF
Cdkn2a,TF
Cdx1,TF
Cdx2,TF
Cdx4,TF
Cebpa,TF
Cebpb,TF
Cebpd,TF
Cebpe,TF
Cebpg,TF
Cebpz,TF
Cic,TF
Ciita,TF
Cited1,TF
Cited2,TF
Cited4,TF
Clock,TF
Cnot1,TF
Cnot3,TF
Cnot7,TF
Cops2,TF
Cphx,TF
Creb1,TF
Creb3,TF
Creb3l1,TF
Creb3l3,TF
Creb3l4,TF
Crebbp,TF
Crebzf,TF
Creg1,TF
Crem,TF
Crx,TF
Ctbp1,TF
Ctbp2,TF
Ctcf,TF
Ctcfl,TF
Ctnnb1,TF
Cux1,TF
Cux2,TF
Daxx,TF
Dbp,TF
Dbx1,TF
Dbx2,TF
Dcp1a,TF
Ddb1,TF
Ddit3,TF
Ddx3x,TF
Ddx5,TF
Dlx1,TF
Dlx2,TF
Dlx3,TF
Dlx4,TF
Dlx5,TF
Dlx6,TF
Dmbx1,TF
Dmrt1,TF
Dmrt2,TF
Dmrt3,TF
Dmrta1,TF
Dmrta2,TF
Dmrtc2,TF
Dmtf1,TF
Dpf1,TF
Dpf2,TF
Dpf3,TF
Drap1,TF
Dtx1,TF
Duxbl,TF
Dvl1,TF
E2f1,TF
E2f2,TF
E2f3,TF
E2f4,TF
E2f5,TF
E2f6,TF
E2f7,TF
E2f8,TF
E4f1,TF
Eaf2,TF
Ebf1,TF
Eed,TF
Egf,TF
Egr1,TF
Egr2,TF
Egr3,TF
Egr4,TF
Ehf,TF
Eid1,TF
Eid2,TF
Elf1,TF
Elf2,TF
Elf3,TF
Elf4,TF
Elf5,TF
Elk1,TF
Elk3,TF
Elk4,TF
Elp2,TF
Emx1,TF
Emx2,TF
En1,TF
En2,TF
Eomes,TF
Ep300,TF
Epas1,TF
Eps15,TF
Erf,TF
Esr1,TF
Esr2,TF
Esrra,TF
Esrrb,TF
Esrrg,TF
Esx1,TF
Ets1,TF
Ets2,TF
Etv1,TF
Etv3,TF
Etv4,TF
Etv5,TF
Evx2,TF
Ewsr1,TF
Ezh1,TF
Ezh2,TF
Fancd2,TF
Farsa,TF
Ferd3l,TF
Fev,TF
Fezf1,TF
Fezf2,TF
Fhl2,TF
Figla,TF
Fiz1,TF
Fli1,TF
Fos,TF
Fosb,TF
Fosl1,TF
Fosl2,TF
Foxa1,TF
Foxa2,TF
Foxa3,TF
Foxb1,TF
Foxb2,TF
Foxc1,TF
Foxc2,TF
Foxd1,TF
Foxd2,TF
Foxd3,TF
Foxd4,TF
Foxe1,TF
Foxe3,TF
Foxf2,TF
Foxg1,TF
Foxh1,TF
Foxi1,TF
Foxi2,TF
Foxi3,TF
Foxj1,TF
Foxj2,TF
Foxj3,TF
Foxk1,TF
Foxk2,TF
Foxl1,TF
Foxl2,TF
Foxm1,TF
Foxn1,TF
Foxn2,TF
Foxn3,TF
Foxn4,TF
Foxo1,TF
Foxo3,TF
Foxo4,TF
Foxo6,TF
Foxp1,TF
Foxp2,TF
Foxp3,TF
Foxp4,TF
Foxq1,TF
Foxr1,TF
Foxr2,TF
Foxs1,TF
Fus,TF
Gabpa,TF
Gadd45a,TF
Gata1,TF
Gata2,TF
Gata3,TF
Gata4,TF
Gata5,TF
Gata6,TF
Gatad1,TF
Gatad2b,TF
Gbx1,TF
Gbx2,TF
Gcm1,TF
Gcm2,TF
Gfi1,TF
Gli1,TF
Gli2,TF
Gli3,TF
Glis1,TF
Glis2,TF
Glis3,TF
Gm10770,TF
Gmeb1,TF
Gmeb2,TF
Grhl1,TF
Grhl2,TF
Grhl3,TF
Grlf1,TF
Gsc,TF
Gsx1,TF
Gsx2,TF
Gtf2a1l,TF
Gtf2b,TF
Gtf2h1,TF
Gtf2h2,TF
Gtf2h4,TF
Gtf2i,TF
Gtf2ird1,TF
Gtf2ird2,TF
Gtf3a,TF
Gtf3c1,TF
Gzf1,TF
Hand1,TF
Hand2,TF
Hcfc1,TF
Hdac1,TF
Hdac10,TF
Hdac2,TF
Hdac3,TF
Hdac4,TF
Hdac5,TF
Hdac6,TF
Hdac7,TF
Hdac8,TF
Hdac9,TF
Hdx,TF
Helt,TF
Hes1,TF
Hes2,TF
Hes3,TF
Hes5,TF
Hes6,TF
Hes7,TF
Hesx1,TF
Hey1,TF
Hey2,TF
Heyl,TF
Hhex,TF
Hic1,TF
Hif1a,TF
Hif3a,TF
Hinfp,TF
Hivep1,TF
Hivep2,TF
Hlf,TF
Hltf,TF
Hlx,TF
Hmbox1,TF
Hmga1-rs1,TF
Hmgb1,TF
Hmgb2,TF
Hmgn1,TF
Hmgn3,TF
Hmx1,TF
Hmx2,TF
Hmx3,TF
Hnf1a,TF
Hnf1b,TF
Hnf4a,TF
Hnrnpa3,TF
Hnrnpab,TF
Hnrnpc,TF
Hnrnpk,TF
Hnrnpl,TF
Hnrnpu,TF
Hnrpdl,TF
Homez,TF
Hopx,TF
Hoxa1,TF
Hoxa10,TF
Hoxa11,TF
Hoxa13,TF
Hoxa2,TF
Hoxa3,TF
Hoxa4,TF
Hoxa5,TF
Hoxa6,TF
Hoxa7,TF
Hoxa9,TF
Hoxb1,TF
Hoxb13,TF
Hoxb2,TF
Hoxb3,TF
Hoxb4,TF
Hoxb5,TF
Hoxb6,TF
Hoxb7,TF
Hoxb8,TF
Hoxb9,TF
Hoxc10,TF
Hoxc11,TF
Hoxc12,TF
Hoxc13,TF
Hoxc4,TF
Hoxc5,TF
Hoxc6,TF
Hoxc8,TF
Hoxc9,TF
Hoxd1,TF
Hoxd10,TF
Hoxd11,TF
Hoxd12,TF
Hoxd13,TF
Hoxd3,TF
Hoxd8,TF
Hoxd9,TF
Hsbp1,TF
Hsf1,TF
Hsf2,TF
Hsf3,TF
Hsf4,TF
Hsf5,TF
Hsfy2,TF
Htatsf1,TF
Id1,TF
Id2,TF
Id3,TF
Id4,TF
Igkv4-80,TF
Ikzf1,TF
Ikzf2,TF
Ikzf3,TF
Ikzf4,TF
Ikzf5,TF
Irf1,TF
Irf2,TF
Irf2bp1,TF
Irf3,TF
Irf4,TF
Irf5,TF
Irf6,TF
Irf7,TF
Irf8,TF
Irf9,TF
Irx1,TF
Irx2,TF
Irx3,TF
Irx4,TF
Irx5,TF
Irx6,TF
Isl1,TF
Isl2,TF
Isx,TF
Itgb3bp,TF
Jarid2,TF
Jdp2,TF
Jun,TF
Junb,TF
Jund,TF
Kat2a,TF
Kat2b,TF
Kat5,TF
Kcnip3,TF
Kdm5a,TF
Kdm5b,TF
Kdm5c,TF
Kdm5d,TF
Klf1,TF
Klf10,TF
Klf12,TF
Klf13,TF
Klf15,TF
Klf16,TF
Klf4,TF
Klf5,TF
Klf7,TF
Klf9,TF
Lbx1,TF
Lbx2,TF
Lcor,TF
Lef1,TF
Lhx1,TF
Lhx2,TF
Lhx3,TF
Lhx4,TF
Lhx5,TF
Lhx6,TF
Lhx8,TF
Lhx9,TF
Lmx1a,TF
Lmx1b,TF
Lpp,TF
Lsr,TF
Lyl1,TF
Lztfl1,TF
Lzts1,TF
Lzts2,TF
Mafa,TF
Mafb,TF
Maff,TF
Mafg,TF
Mafk,TF
Maml1,TF
Maml3,TF
Max,TF
Maz,TF
Mbd1,TF
Mbd2,TF
Mdfi,TF
Mdm2,TF
Mdm4,TF
Mecom,TF
Mecp2,TF
Med1,TF
Med12,TF
Med13l,TF
Med14,TF
Med15,TF
Med16,TF
Med17,TF
Med21,TF
Med23,TF
Med24,TF
Med31,TF
Med6,TF
Mef2a,TF
Mef2b,TF
Mef2d,TF
Meis1,TF
Meis2,TF
Meis3,TF
Meox1,TF
Meox2,TF
Mesp2,TF
Mitf,TF
Mixl1,TF
Mkl2,TF
Mkx,TF
Mll1,TF
Mllt1,TF
Mllt10,TF
Mllt11,TF
Mllt3,TF
Mllt4,TF
Mllt6,TF
Mlx,TF
Mlxip,TF
Mlxipl,TF
Mn1,TF
Mnat1,TF
Mnt,TF
Mnx1,TF
Msc,TF
Msx1,TF
Msx2,TF
Msx3,TF
Mta1,TF
Mta2,TF
Mtf1,TF
Mtf2,TF
Mxd1,TF
Mxd3,TF
Mxd4,TF
Mxi1,TF
Myb,TF
Mybbp1a,TF
Mybl1,TF
Mybl2,TF
Myc,TF
Mycbp,TF
Mycl1,TF
Mycn,TF
Myef2,TF
Myf5,TF
Myf6,TF
Myod1,TF
Myog,TF
Myst3,TF
Myt1,TF
Myt1l,TF
Mzf1,TF
Nab2,TF
Nanog,TF
Ncoa1,TF
Ncoa2,TF
Ncoa3,TF
Ncoa4,TF
Ncoa5,TF
Ncoa6,TF
Ncoa7,TF
Ncor1,TF
Ncor2,TF
Neurod1,TF
Neurod2,TF
Neurod4,TF
Neurod6,TF
Neurog1,TF
Neurog2,TF
Neurog3,TF
Nfat5,TF
Nfatc1,TF
Nfatc2,TF
Nfatc3,TF
Nfatc4,TF
Nfe2,TF
Nfe2l1,TF
Nfe2l2,TF
Nfe2l3,TF
Nfia,TF
Nfic,TF
Nfil3,TF
Nfix,TF
Nfkb1,TF
Nfkb2,TF
Nfkbia,TF
Nfkbiz,TF
Nfx1,TF
Nfxl1,TF
Nfya,TF
Nfyb,TF
Nfyc,TF
Nhlh1,TF
Nhlh2,TF
Nkx1-2,TF
Nkx2-1,TF
Nkx2-3,TF
Nkx2-5,TF
Nkx2-6,TF
Nkx2-9,TF
Nkx3-1,TF
Nkx3-2,TF
Nkx6-1,TF
Nkx6-2,TF
Nobox,TF
Nop2,TF
Notch1,TF
Notch2,TF
Notch3,TF
Noto,TF
Npas1,TF
Npas2,TF
Npas3,TF
Npas4,TF
Npm1,TF
Nr0b1,TF
Nr1d1,TF
Nr1d2,TF
Nr1h2,TF
Nr1h3,TF
Nr1h4,TF
Nr1h5,TF
Nr1i2,TF
Nr1i3,TF
Nr2c1,TF
Nr2c2,TF
Nr2e1,TF
Nr2e3,TF
Nr2f1,TF
Nr2f2,TF
Nr2f6,TF
Nr3c1,TF
Nr3c2,TF
Nr4a1,TF
Nr4a2,TF
Nr4a3,TF
Nr5a1,TF
Nr5a2,TF
Nr6a1,TF
Nrf1,TF
Nrg1,TF
Nrip1,TF
Nrip3,TF
Nrl,TF
Nsd1,TF
Nufip1,TF
Nup98,TF
Obox1,TF
Obox2,TF
Obox3,TF
Obox5,TF
Obox6,TF
Olig1,TF
Olig2,TF
Olig3,TF
Onecut1,TF
Onecut2,TF
Onecut3,TF
Otx2,TF
Ovol1,TF
Ovol2,TF
Pabpn1,TF
Parp1,TF
Parp12,TF
Parp4,TF
Patz1,TF
Pax1,TF
Pax2,TF
Pax3,TF
Pax4,TF
Pax5,TF
Pax6,TF
Pax7,TF
Pax8,TF
Pax9,TF
Paxip1,TF
Pbrm1,TF
Pbx1,TF
Pbx2,TF
Pbx3,TF
Pbx4,TF
Pcbd1,TF
Pcbp1,TF
Pcbp2,TF
Pcbp3,TF
Pcgf2,TF
Pcgf6,TF
Pdcd7,TF
Pdx1,TF
Per1,TF
Per2,TF
Per3,TF
Pgr,TF
Pgs1,TF
Phb2,TF
Phf1,TF
Phf17,TF
Phf20,TF
Phf21a,TF
Phox2a,TF
Phox2b,TF
Pias1,TF
Pias2,TF
Pias3,TF
Pias4,TF
Pin1,TF
Pitx1,TF
Pitx2,TF
Pitx3,TF
Pknox1,TF
Pknox2,TF
Plag1,TF
Plagl1,TF
Plagl2,TF
Pml,TF
Polr1b,TF
Polr2a,TF
Polr2b,TF
Polr2j,TF
Polr2k,TF
Pou1f1,TF
Pou2af1,TF
Pou2f1,TF
Pou2f2,TF
Pou2f3,TF
Pou3f1,TF
Pou3f2,TF
Pou3f3,TF
Pou3f4,TF
Pou4f1,TF
Pou4f2,TF
Pou4f3,TF
Pou5f1,TF
Pou6f1,TF
Pou6f2,TF
Ppara,TF
Ppard,TF
Pparg,TF
Ppargc1b,TF
Pqbp1,TF
Prdm1,TF
Preb,TF
Prop1,TF
Prox1,TF
Prox2,TF
Prrx1,TF
Prrx2,TF
Prrxl1,TF
Psmc5,TF
Ptch1,TF
Ptf1a,TF
Pura,TF
Purb,TF
Rara,TF
Rarb,TF
Rarg,TF
Rax,TF
Rb1,TF
Rbak,TF
Rbbp7,TF
Rbl1,TF
Rbl2,TF
Rbpj,TF
Rbpjl,TF
Rcor2,TF
Rel,TF
Rela,TF
Relb,TF
Rere,TF
Rest,TF
Rfx1,TF
Rfx2,TF
Rfx4,TF
Rfx5,TF
Rfxank,TF
Rfxap,TF
Rhox1,TF
Rhox10,TF
Rhox11,TF
Rhox12,TF
Rhox13,TF
Rhox2a,TF
Rhox2b,TF
Rhox2c,TF
Rhox2d,TF
Rhox2e,TF
Rhox2f,TF
Rhox2g,TF
Rhox2h,TF
Rhox3a,TF
Rhox3e,TF
Rhox3f,TF
Rhox3h,TF
Rhox4a,TF
Rhox4b,TF
Rhox4c,TF
Rhox4d,TF
Rhox4e,TF
Rhox4f,TF
Rhox4g,TF
Rhox5,TF
Rhox6,TF
Rhox7,TF
Rhox8,TF
Rhox9,TF
Ring1,TF
Rnf14,TF
Rnf2,TF
Rnf25,TF
Rnf4,TF
Rora,TF
Rorb,TF
Rorc,TF
Rpl7,TF
Rpl7a,TF
Rreb1,TF
Rrn3,TF
Rsl1,TF
Runx1,TF
Runx1t1,TF
Runx2,TF
Runx3,TF
Rxra,TF
Rxrb,TF
Rxrg,TF
Rybp,TF
Safb,TF
Safb2,TF
Sall1,TF
Sall2,TF
Sall3,TF
Sall4,TF
Satb1,TF
Satb2,TF
Scmh1,TF
Scml2,TF
Scrt1,TF
Scrt2,TF
Scx,TF
Sebox,TF
Sertad1,TF
Sertad2,TF
Setdb1,TF
Setdb2,TF
Sfpi1,TF
Shox2,TF
Sim2,TF
Sin3a,TF
Sin3b,TF
Sirt2,TF
Sirt3,TF
Six1,TF
Six2,TF
Six3,TF
Six4,TF
Six5,TF
Six6,TF
Ski,TF
Skil,TF
Smad3,TF
Smad5,TF
Smad7,TF
Smad9,TF
Smarca1,TF
Smarca2,TF
Smarca4,TF
Smarca5,TF
Smarcal1,TF
Smarcb1,TF
Smarcc1,TF
Smarcd1,TF
Smarcd2,TF
Smarcd3,TF
Smarce1,TF
Smyd1,TF
Smyd3,TF
Snai1,TF
Snai2,TF
Snai3,TF
Snapc4,TF
Snrpc,TF
Snurf,TF
Snw1,TF
Sohlh1,TF
Son,TF
Sox1,TF
Sox10,TF
Sox11,TF
Sox13,TF
Sox14,TF
Sox15,TF
Sox17,TF
Sox18,TF
Sox2,TF
Sox21,TF
Sox3,TF
Sox4,TF
Sox5,TF
Sox6,TF
Sox7,TF
Sox8,TF
Sox9,TF
Sp1,TF
Sp100,TF
Sp110,TF
Sp2,TF
Sp3,TF
Sp4,TF
Sp5,TF
Sp6,TF
Sp7,TF
Sp8,TF
Sp9,TF
Spdef,TF
Spen,TF
Spib,TF
Spic,TF
Spz1,TF
Sra1,TF
Srebf1,TF
Srebf2,TF
Srf,TF
Sry,TF
Ssrp1,TF
Ssxb1,TF
Ssxb2,TF
Stat1,TF
Stat2,TF
Stat3,TF
Stat4,TF
Stat5a,TF
Stat5b,TF
Stat6,TF
Strn,TF
Sub1,TF
Supt16h,TF
Supt4h1,TF
Supt5h,TF
Suv39h1,TF
Suv39h2,TF
Suz12,TF
T,TF
Tada3,TF
Taf1,TF
Taf10,TF
Taf11,TF
Taf12,TF
Taf1c,TF
Taf2,TF
Taf3,TF
Taf4b,TF
Taf6,TF
Taf6l,TF
Taf7,TF
Taf7l,TF
Taf8,TF
Taf9,TF
Tal1,TF
Tal2,TF
Tbl1x,TF
Tbpl1,TF
Tbr1,TF
Tbx1,TF
Tbx15,TF
Tbx18,TF
Tbx19,TF
Tbx2,TF
Tbx20,TF
Tbx21,TF
Tbx22,TF
Tbx3,TF
Tbx4,TF
Tbx5,TF
Tbx6,TF
Tcea2,TF
Tcf12,TF
Tcf15,TF
Tcf20,TF
Tcf21,TF
Tcf23,TF
Tcf3,TF
Tcf4,TF
Tcf7,TF
Tcf7l1,TF
Tcf7l2,TF
Tcfl5,TF
Tdg,TF
Tead1,TF
Tead2,TF
Tead3,TF
Tead4,TF
Tef,TF
Tfam,TF
Tfdp1,TF
Tfdp2,TF
Tgfb1i1,TF
Tgif1,TF
Tgif2,TF
Tgif2lx1,TF
Tgif2lx2,TF
Tgs1,TF
Thra,TF
Thrap3,TF
Thrb,TF
Tle1,TF
Tle2,TF
Tle3,TF
Tle4,TF
Tle6,TF
Tlx1,TF
Tlx2,TF
Tlx3,TF
Tmf1,TF
Tnfaip3,TF
Topors,TF
Tox,TF
Traf4,TF
Trerf1,TF
Trib3,TF
Trim24,TF
Trim28,TF
Trim30a,TF
Trim33,TF
Trip11,TF
Trp53,TF
Trp63,TF
Trp73,TF
Trps1,TF
Trrap,TF
Tsc2,TF
Tsc22d1,TF
Tshz1,TF
Tshz2,TF
Tshz3,TF
Tsn,TF
Ttf1,TF
Twist1,TF
Twist2,TF
Txk,TF
Uaca,TF
Ubp1,TF
Ubtf,TF
Uncx,TF
Usf1,TF
Usf2,TF
Utf1,TF
Vav1,TF
Vax1,TF
Vax2,TF
Vdr,TF
Vezf1,TF
Vgll2,TF
Vhl,TF
Vsx1,TF
Vsx2,TF
Wiz,TF
Wt1,TF
Wwox,TF
Wwtr1,TF
Xbp1,TF
Ybx1,TF
Yy1,TF
Zbed4,TF
Zbtb1,TF
Zbtb10,TF
Zbtb12,TF
Zbtb16,TF
Zbtb17,TF
Zbtb2,TF
Zbtb20,TF
Zbtb22,TF
Zbtb24,TF
Zbtb25,TF
Zbtb26,TF
Zbtb3,TF
Zbtb32,TF
Zbtb33,TF
Zbtb34,TF
Zbtb37,TF
Zbtb38,TF
Zbtb39,TF
Zbtb4,TF
Zbtb40,TF
Zbtb41,TF
Zbtb42,TF
Zbtb43,TF
Zbtb44,TF
Zbtb45,TF
Zbtb46,TF
Zbtb48,TF
Zbtb49,TF
Zbtb5,TF
Zbtb6,TF
Zbtb7a,TF
Zbtb7b,TF
Zbtb7c,TF
Zbtb8a,TF
Zbtb8b,TF
Zbtb9,TF
Zc3h8,TF
Zcchc4,TF
Zeb1,TF
Zeb2,TF
Zfand5,TF
Zfand6,TF
Zfat,TF
Zfhx2,TF
Zfhx3,TF
Zfhx4,TF
Zfp1,TF
Zfp101,TF
Zfp105,TF
Zfp106,TF
Zfp108,TF
Zfp109,TF
Zfp11,TF
Zfp110,TF
Zfp111,TF
Zfp112,TF
Zfp113,TF
Zfp114,TF
Zfp12,TF
Zfp120,TF
Zfp128,TF
Zfp13,TF
Zfp131,TF
Zfp14,TF
Zfp142,TF
Zfp143,TF
Zfp146,TF
Zfp148,TF
Zfp157,TF
Zfp160,TF
Zfp161,TF
Zfp167,TF
Zfp169,TF
Zfp174,TF
Zfp180,TF
Zfp182,TF
Zfp184,TF
Zfp187,TF
Zfp189,TF
Zfp191,TF
Zfp192,TF
Zfp2,TF
Zfp202,TF
Zfp207,TF
Zfp212,TF
Zfp213,TF
Zfp217,TF
Zfp219,TF
Zfp229,TF
Zfp235,TF
Zfp236,TF
Zfp238,TF
Zfp239,TF
Zfp248,TF
Zfp251,TF
Zfp26,TF
Zfp260,TF
Zfp263,TF
Zfp27,TF
Zfp273,TF
Zfp275,TF
Zfp276,TF
Zfp277,TF
Zfp28,TF
Zfp281,TF
Zfp282,TF
Zfp286,TF
Zfp287,TF
Zfp292,TF
Zfp295,TF
Zfp296,TF
Zfp3,TF
Zfp30,TF
Zfp300,TF
Zfp316,TF
Zfp317,TF
Zfp319,TF
Zfp322a,TF
Zfp324,TF
Zfp326,TF
Zfp329,TF
Zfp334,TF
Zfp335,TF
Zfp341,TF
Zfp345,TF
Zfp35,TF
Zfp352,TF
Zfp354a,TF
Zfp354b,TF
Zfp354c,TF
Zfp358,TF
Zfp36,TF
Zfp362,TF
Zfp365,TF
Zfp366,TF
Zfp367,TF
Zfp369,TF
Zfp37,TF
Zfp382,TF
Zfp420,TF
Zfp384,TF
Zfp386,TF
Zfp39,TF
Zfp397,TF
Zfp398,TF
Zfp40,TF
Zfp407,TF
Zfp408,TF
Zfp41,TF
Zfp410,TF
Zfp418,TF
Zfp42,TF
Zfp422,TF
Zfp423,TF
Zfp426,TF
Zfp429,TF
Zfp438,TF
Zfp442,TF
Zfp444,TF
Zfp445,TF
Zfp446,TF
Zfp449,TF
Zfp451,TF
Zfp454,TF
Zfp455,TF
Zfp456,TF
Zfp457,TF
Zfp458,TF
Zfp459,TF
Zfp46,TF
Zfp462,TF
Zfp467,TF
Zfp472,TF
Zfp473,TF
Zfp488,TF
Zfp498,TF
Zfp503,TF
Zfp507,TF
Zfp51,TF
Zfp512,TF
Zfp513,TF
Zfp516,TF
Zfp518b,TF
Zfp52,TF
Zfp521,TF
Zfp523,TF
Zfp524,TF
Zfp526,TF
Zfp53,TF
Zfp532,TF
Zfp534,TF
Zfp536,TF
Zfp54,TF
Zfp541,TF
Zfp553,TF
Zfp558,TF
Zfp560,TF
Zfp563,TF
Zfp566,TF
Zfp568,TF
Zfp57,TF
Zfp574,TF
Zfp575,TF
Zfp579,TF
Zfp58,TF
Zfp580,TF
Zfp583,TF
Zfp59,TF
Zfp592,TF
Zfp595,TF
Zfp597,TF
Zfp599,TF
Zfp60,TF
Zfp600,TF
Zfp605,TF
Zfp606,TF
Zfp607,TF
Zfp61,TF
Zfp612,TF
Zfp616,TF
Zfp617,TF
Zfp618,TF
Zfp619,TF
Zfp62,TF
Zfp623,TF
Zfp628,TF
Zfp629,TF
Zfp637,TF
Zfp639,TF
Zfp64,TF
Zfp640,TF
Zfp641,TF
Zfp644,TF
Zfp646,TF
Zfp647,TF
Zfp648,TF
Zfp651,TF
Zfp652,TF
Zfp653,TF
Zfp654,TF
Zfp655,TF
Zfp658,TF
Zfp661,TF
Zfp663,TF
Zfp664,TF
Zfp667,TF
Zfp668,TF
Zfp672,TF
Zfp677,TF
Zfp68,TF
Zfp687,TF
Zfp688,TF
Zfp689,TF
Zfp69,TF
Zfp691,TF
Zfp697,TF
Zfp7,TF
Zfp704,TF
Zfp707,TF
Zfp708,TF
Zfp709,TF
Zfp710,TF
Zfp711,TF
Zfp715,TF
Zfp719,TF
Zfp72,TF
Zfp735,TF
Zfp738,TF
Zfp74,TF
Zfp740,TF
Zfp746,TF
Zfp747,TF
Zfp748,TF
Zfp758,TF
Zfp759,TF
Zfp760,TF
Zfp763,TF
Zfp764,TF
Zfp768,TF
Zfp770,TF
Zfp771,TF
Zfp772,TF
Zfp773,TF
Zfp775,TF
Zfp777,TF
Zfp78,TF
Zfp780b,TF
Zfp783,TF
Zfp784,TF
Zfp786,TF
Zfp787,TF
Zfp788,TF
Zfp790,TF
Zfp791,TF
Zfp799,TF
Zfp800,TF
Zfp808,TF
Zfp809,TF
Zfp81,TF
Zfp810,TF
Zfp811,TF
Zfp819,TF
Zfp82,TF
Zfp820,TF
Zfp821,TF
Zfp825,TF
Zfp827,TF
Zfp828,TF
Zfp831,TF
Zfp839,TF
Zfp84,TF
Zfp846,TF
Zfp865,TF
Zfp866,TF
Zfp867,TF
Zfp868,TF
Zfp869,TF
Zfp87,TF
Zfp870,TF
Zfp871,TF
Zfp872,TF
Zfp873,TF
Zfp882,TF
Zfp9,TF
Zfp90,TF
Zfp91,TF
Zfp92,TF
Zfp93,TF
Zfp94,TF
Zfp97,TF
Zfpm1,TF
Zfpm2,TF
Zfx,TF
Zfy1,TF
Zfy2,TF
Zglp1,TF
Zhx1,TF
Zhx2,TF
Zhx3,TF
Zic1,TF
Zic2,TF
Zic3,TF
Zic4,TF
Zic5,TF
Zik1,TF
Zim1,TF
Zkscan1,TF
Zkscan14,TF
Zkscan16,TF
Zkscan17,TF
Zkscan2,TF
Zkscan3,TF
Zkscan4,TF
Zkscan5,TF
Zkscan6,TF
Zmat1,TF
Zmat3,TF
Zmiz1,TF
Zmiz2,TF
Zmym2,TF
Zmynd10,TF
Znf512b,TF
Zscan10,TF
Zscan12,TF
Zscan18,TF
Zscan2,TF
Zscan20,TF
Zscan21,TF
Zscan22,TF
Zscan29,TF
Zscan30,TF
Zscan4c,TF
Zscan5b,TF
Zxdb,TF
Zxdc,TF
Amh,CytoK
Artn,CytoK
Bdnf,CytoK
Bmp10,CytoK
Bmp15,CytoK
Bmp2,CytoK
Bmp3,CytoK
Bmp5,CytoK
Bmp6,CytoK
Bmp8a,CytoK
Bmp8b,CytoK
C3,CytoK
Ccbp2,CytoK
Ccl1,CytoK
Ccl11,CytoK
Ccl12,CytoK
Ccl17,CytoK
Ccl19,CytoK
Ccl2,CytoK
Ccl20,CytoK
Ccl21a,CytoK
Ccl21b,CytoK
Ccl21c,CytoK
Ccl22,CytoK
Ccl24,CytoK
Ccl25,CytoK
Ccl26,CytoK
Ccl27a,CytoK
Ccl28,CytoK
Ccl3,CytoK
Ccl4,CytoK
Ccl5,CytoK
Ccl6,CytoK
Ccl7,CytoK
Ccl8,CytoK
Ccl9,CytoK
Cga,CytoK
Cish,CytoK
Cklf,CytoK
Clcf1,CytoK
Cmtm1,CytoK
Cmtm3,CytoK
Cmtm4,CytoK
Cmtm5,CytoK
Cntf,CytoK
Csf1,CytoK
Csf2,CytoK
Csf3,CytoK
Ctf1,CytoK
Cx3cl1,CytoK
Cxcl1,CytoK
Cxcl10,CytoK
Cxcl11,CytoK
Cxcl12,CytoK
Cxcl13,CytoK
Cxcl14,CytoK
Cxcl15,CytoK
Cxcl16,CytoK
Cxcl17,CytoK
Cxcl2,CytoK
Cxcl3,CytoK
Cxcl5,CytoK
Cxcl9,CytoK
Cytl1,CytoK
Dock2,CytoK
Epo,CytoK
Fgf1,CytoK
Fgf10,CytoK
Fgf11,CytoK
Fgf12,CytoK
Fgf13,CytoK
Fgf14,CytoK
Fgf16,CytoK
Fgf17,CytoK
Fgf18,CytoK
Fgf2,CytoK
Fgf20,CytoK
Fgf21,CytoK
Fgf22,CytoK
Fgf23,CytoK
Fgf3,CytoK
Fgf4,CytoK
Fgf5,CytoK
Fgf6,CytoK
Fgf7,CytoK
Fgf8,CytoK
Fgf9,CytoK
Figf,CytoK
Fshb,CytoK
Gdf1,CytoK
Gdf10,CytoK
Gdf11,CytoK
Gdf15,CytoK
Gdf2,CytoK
Gdf3,CytoK
Gdf5,CytoK
Gdf6,CytoK
Gdf7,CytoK
Gdf9,CytoK
Gdnf,CytoK
Gh,CytoK
Gpha2,CytoK
Gphb5,CytoK
Ifna1,CytoK
Ifna11,CytoK
Ifna12,CytoK
Ifna13,CytoK
Ifna14,CytoK
Ifna2,CytoK
Ifna4,CytoK
Ifna5,CytoK
Ifna6,CytoK
Ifna7,CytoK
Ifna9,CytoK
Ifnab,CytoK
Ifnb1,CytoK
Ifne,CytoK
Ifng,CytoK
Ifnk,CytoK
Ifnz,CytoK
Il10,CytoK
Il11,CytoK
Il12a,CytoK
Il12b,CytoK
Il13,CytoK
Il15,CytoK
Il16,CytoK
Il17a,CytoK
Il17b,CytoK
Il17c,CytoK
Il17d,CytoK
Il17f,CytoK
Il18,CytoK
Il19,CytoK
Il1a,CytoK
Il1b,CytoK
Il1f10,CytoK
Il1f5,CytoK
Il1f6,CytoK
Il1f8,CytoK
Il1f9,CytoK
Il1rn,CytoK
Il2,CytoK
Il20,CytoK
Il21,CytoK
Il22,CytoK
Il23a,CytoK
Il24,CytoK
Il25,CytoK
Il27,CytoK
Il28a,CytoK
Il28b,CytoK
Il3,CytoK
Il31,CytoK
Il33,CytoK
Il34,CytoK
Il4,CytoK
Il5,CytoK
Il6,CytoK
Il6st,CytoK
Il7,CytoK
Il9,CytoK
Inha,CytoK
Inhba,CytoK
Inhbb,CytoK
Inhbc,CytoK
Inhbe,CytoK
Kitl,CytoK
Lefty1,CytoK
Lefty2,CytoK
Lep,CytoK
Lhb,CytoK
Lif,CytoK
Mstn,CytoK
Ngf,CytoK
Nodal,CytoK
Nrtn,CytoK
Ntf3,CytoK
Ntf5,CytoK
Osm,CytoK
Pdgfa,CytoK
Pdgfb,CytoK
Pdgfc,CytoK
Pdgfd,CytoK
Pf4,CytoK
Pgf,CytoK
Pomc,CytoK
Ppbp,CytoK
Prl,CytoK
Pspn,CytoK
Socs1,CytoK
Socs2,CytoK
Socs3,CytoK
Socs4,CytoK
Socs5,CytoK
Socs6,CytoK
Socs7,CytoK
Tgfb1,CytoK
Tgfb2,CytoK
Tgfb3,CytoK
Thpo,CytoK
Tnf,CytoK
Tnfsf10,CytoK
Tnfsf11,CytoK
Tnfsf12,CytoK
Tnfsf13,CytoK
Tnfsf13b,CytoK
Tnfsf14,CytoK
Tnfsf15,CytoK
Tnfsf18,CytoK
Tnfsf4,CytoK
Tnfsf8,CytoK
Tnfsf9,CytoK
Tshb,CytoK
Vegfa,CytoK
Vegfb,CytoK
Vegfc,CytoK
Xcl1,CytoK
Bcap31,CytoR
C3ar1,CytoR
C5ar1,CytoR
Cd200r1,CytoR
Cd200r2,CytoR
Cd244,CytoR
Cd247,CytoR
Cd27,CytoR
Cd300lf,CytoR
Clec12a,CytoR
Cr1l,CytoR
Cr2,CytoR
Csf1r,CytoR
Csf2ra,CytoR
Csf2rb,CytoR
Csf3r,CytoR
Cxcr6,CytoR
Cysltr1,CytoR
Ddr1,CytoR
Fas,CytoR
Fcamr,CytoR
Fcer1a,CytoR
Fcer1g,CytoR
Fcgr2b,CytoR
Fcgrt,CytoR
Fcrl5,CytoR
Fcrla,CytoR
Fgfr1,CytoR
Fgfr2,CytoR
Fgfr3,CytoR
Fgfr4,CytoR
Hmmr,CytoR
Hrh2,CytoR
Hrh4,CytoR
Ifnar2,CytoR
Ifngr1,CytoR
Ifngr2,CytoR
Igf1r,CytoR
Igf2r,CytoR
Il10ra,CytoR
Il10rb,CytoR
Il12rb1,CytoR
Il12rb2,CytoR
Il13ra1,CytoR
Il13ra2,CytoR
Il15ra,CytoR
Il17ra,CytoR
Il17rb,CytoR
Il17rc,CytoR
Il17rd,CytoR
Il17re,CytoR
Il18r1,CytoR
Il18rap,CytoR
Il1r1,CytoR
Il1r2,CytoR
Il1rap,CytoR
Il1rapl1,CytoR
Il1rapl2,CytoR
Il1rl1,CytoR
Il1rl2,CytoR
Il20ra,CytoR
Il21r,CytoR
Il22ra1,CytoR
Il23r,CytoR
Il28ra,CytoR
Il2ra,CytoR
Il2rb,CytoR
Il2rg,CytoR
Il31ra,CytoR
Il3ra,CytoR
Il5ra,CytoR
Il7r,CytoR
Il9r,CytoR
Insr,CytoR
Irak1,CytoR
Irak1bp1,CytoR
Irak2,CytoR
Irak3,CytoR
Irak4,CytoR
Kdr,CytoR
Kir3dl1,CytoR
Kir3dl2,CytoR
Klrb1,CytoR
Klrc1,CytoR
Klrc2,CytoR
Klrd1,CytoR
Lair1,CytoR
Lifr,CytoR
Lilra5,CytoR
Lilra6,CytoR
Lilrb3,CytoR
Lilrb4,CytoR
Ltb4r2,CytoR
Ltbr,CytoR
Marco,CytoR
Mrc1,CytoR
Mrc2,CytoR
Msr1,CytoR
Mst1r,CytoR
Ncr1,CytoR
Pilra,CytoR
Pla2r1,CytoR
Plaur,CytoR
Procr,CytoR
Ptafr,CytoR
Ptgfrn,CytoR
Ptpn22,CytoR
Ptprc,CytoR
Ptprcap,CytoR
Ptprj,CytoR
Pvr,CytoR
Pvrl1,CytoR
Pvrl2,CytoR
Ripk1,CytoR
Scarb1,CytoR
Slamf6,CytoR
Tfrc,CytoR
Tlr1,CytoR
Tlr2,CytoR
Tlr4,CytoR
Tlr5,CytoR
Tnfrsf10b,CytoR
Tnfrsf11a,CytoR
Tnfrsf12a,CytoR
Tnfrsf13b,CytoR
Tnfrsf13c,CytoR
Tnfrsf14,CytoR
Tnfrsf17,CytoR
Tnfrsf18,CytoR
Tnfrsf1a,CytoR
Tnfrsf1b,CytoR
Tnfrsf4,CytoR
Tnfrsf8,CytoR
Tnfrsf9,CytoR
Traf1,CytoR
Traf2,CytoR
Traf3,CytoR
Traf3ip1,CytoR
Traf5,CytoR
Traf6,CytoR
1500009L16Rik,Th1
1700025G04Rik,Th1
2610020H08Rik,Th1
4933430I17Rik,Th1
a,Th1
A530040E14Rik,Th1
AA467197,Th1
Aagab,Th1
Abhd17b,Th1
Abhd4,Th1
AC134826.1,Th1
AC157213.1,Th1
Acadl,Th1
Agfg2,Th1
Ahcy,Th1
Aldh5a1,Th1
Anxa2,Th1
Apold1,Th1
Arhgap18,Th1
Arhgef25,Th1
Arl5a,Th1
Arsb,Th1
Asns,Th1
Atp2b1,Th1
AW112010,Th1
B430306N03Rik,Th1
BC068157,Th1
Brdt,Th1
C920025E04Rik,Th1
Cab39,Th1
Cacna1h,Th1
Ccdc102a,Th1
Ccdc136,Th1
Ccr5,Th1
Cdkn2a,Th1
Cdkn2b,Th1
Cebpd,Th1
Chst11,Th1
Chsy1,Th1
Clic4,Th1
Cmas,Th1
Cpm,Th1
Csf1,Th1
Cxcr6,Th1
Cyb5r4,Th1
Cyp4f39,Th1
Cyp51,Th1
Dap,Th1
Dcun1d3,Th1
Dhcr7,Th1
Dnajc15,Th1
Dnm1,Th1
Dpysl2,Th1
Edem1,Th1
Efr3a,Th1
Elovl5,Th1
Elovl6,Th1
Emilin2,Th1
Epsti1,Th1
Espn,Th1
Etv5,Th1
Exoc6,Th1
Fam132a,Th1
Fasl,Th1
Fbln1,Th1
Fdft1,Th1
Fdps,Th1
Fggy,Th1
Filip1,Th1
Fkbp5,Th1
Flt4,Th1
Furin,Th1
Fxyd1,Th1
Fxyd5,Th1
Fxyd7,Th1
Gab3,Th1
Gadd45g,Th1
Galns,Th1
Galnt7,Th1
Gbe1,Th1
Gbp2,Th1
Gbp3,Th1
Gbp7,Th1
Gimap4,Th1
Gm12250,Th1
Gm4737,Th1
Gm4841,Th1
Gnaq,Th1
Gnb5,Th1
Gng2,Th1
Gpld1,Th1
Gpnmb,Th1
Gstm4,Th1
Gtf2i,Th1
Gyg,Th1
H2-T22,Th1
H2afy,Th1
Hectd1,Th1
Hexb,Th1
Hif1a,Th1
Hk1,Th1
Hlx,Th1
Hmgcr,Th1
Hmgcs1,Th1
Hopx,Th1
Hpse,Th1
Hspb6,Th1
Ifi204,Th1
Ifi44,Th1
Ifit2,Th1
Ifitm1,Th1
Ifitm2,Th1
Ifitm3,Th1
Ifng,Th1
Ifngr1,Th1
Igf2bp2,Th1
Il12rb2,Th1
Il18r1,Th1
Il18rap,Th1
Il34,Th1
Iqgap1,Th1
Irgm2,Th1
Itgb5,Th1
Itih5,Th1
Kcnab3,Th1
Kcnj8,Th1
Kif9,Th1
Klhl25,Th1
Klrc1,Th1
Lbr,Th1
Lca5,Th1
Ldlr,Th1
Lipa,Th1
Lnpep,Th1
Lrp12,Th1
Lrrc27,Th1
Lrrc8c,Th1
Lsr,Th1
Lss,Th1
Ly6c1,Th1
Ly6c2,Th1
Lysmd2,Th1
Man1a,Th1
Map2k5,Th1
Map3k5,Th1
Map3k8,Th1
Map6,Th1
Mapk3,Th1
Mbnl1,Th1
Mgarp,Th1
Morn4,Th1
Mxd1,Th1
Myadm,Th1
Myd88,Th1
Myl10,Th1
Nabp1,Th1
Nacc2,Th1
Ndnf,Th1
Ngly1,Th1
Nid2,Th1
Nlrp1a,Th1
Nono,Th1
Noxred1,Th1
Onecut2,Th1
Osbpl8,Th1
P2rx3,Th1
P2ry14,Th1
P4ha2,Th1
Padi2,Th1
Pak6,Th1
Palm,Th1
Pgm2,Th1
Phf11b,Th1
Picalm,Th1
Pik3ap1,Th1
Pim2,Th1
Plac8,Th1
Plcl2,Th1
Pld2,Th1
Pml,Th1
Ppp1r12a,Th1
Ppp1r3b,Th1
Prelid2,Th1
Prnp,Th1
Prss16,Th1
Prss57,Th1
Pten,Th1
Ptger3,Th1
Pygl,Th1
Qars,Th1
Rab31,Th1
Rassf4,Th1
Rdh11,Th1
Rell1,Th1
Rer1,Th1
Rgag4,Th1
RP23-285C18.2,Th1
Rufy4,Th1
Sc4mol,Th1
Scd1,Th1
Scd2,Th1
Scly,Th1
Sdc3,Th1
Sema3f,Th1
Sep-06,Th1
Serpinb6a,Th1
Serpine2,Th1
Slamf7,Th1
Slc7a5,Th1
Sntb2,Th1
Snx9,Th1
Sord,Th1
Sp140,Th1
Sptbn2,Th1
Ssr1,Th1
Ssrp1,Th1
St3gal4,Th1
Stard4,Th1
Ston2,Th1
Syngap1,Th1
Sytl3,Th1
Tagln2,Th1
Tap1,Th1
Tbkbp1,Th1
Tbx21,Th1
Tgtp1,Th1
Tgtp2,Th1
Themis,Th1
Tifab,Th1
Tm6sf1,Th1
Tmem106a,Th1
Tmem159,Th1
Tmem180,Th1
Tmem30a,Th1
Tmem71,Th1
Tmod2,Th1
Tmod3,Th1
Tns1,Th1
Tns4,Th1
Tpi1,Th1
Trim34a,Th1
Trim46,Th1
Trim5,Th1
Tspan3,Th1
Tuba1a,Th1
Tuba1b,Th1
Tuba1c,Th1
Tubb5,Th1
Ube2h,Th1
Uck2,Th1
Uhrf1bp1l,Th1
Ulbp1,Th1
Unc119b,Th1
Wdr78,Th1
Xcr1,Th1
Xdh,Th1
Xkr5,Th1
Yipf4,Th1
0610009D07Rik,Th2
1810022K09Rik,Th2
2700081O15Rik,Th2
2900011O08Rik,Th2
2900052L18Rik,Th2
4632434I11Rik,Th2
A730081D07Rik,Th2
Abat,Th2
Abca5,Th2
Abi3,Th2
AC117663.1,Th2
AC130841.1,Th2
Adal,Th2
Adam19,Th2
Adamtsl5,Th2
Adarb1,Th2
Adcy4,Th2
Ahr,Th2
Ahrr,Th2
Ahsa2,Th2
Aida,Th2
Akap1,Th2
Ankrd34b,Th2
Aplp2,Th2
Arhgef19,Th2
Armcx4,Th2
Armcx6,Th2
Asic3,Th2
Atp2a2,Th2
Atp6v0d2,Th2
Atxn10,Th2
B230120H23Rik,Th2
B3galnt2,Th2
BC030499,Th2
Bcl2a1d,Th2
Bhlhb9,Th2
Brix1,Th2
Camkk2,Th2
Capsl,Th2
Car12,Th2
Car13,Th2
Car5b,Th2
Ccdc112,Th2
Ccdc137,Th2
Ccdc41,Th2
Ccdc58,Th2
Ccne2,Th2
Ccp110,Th2
Cct6a,Th2
Cd24a,Th2
Cdc42bpa,Th2
Cdc42bpb,Th2
Cdh10,Th2
Cdk6,Th2
Cdkl3,Th2
Cep170,Th2
Cep290,Th2
Chek1,Th2
Cldn25,Th2
Cpd,Th2
Cpox,Th2
Cpsf2,Th2
Crispld2,Th2
Cse1l,Th2
Ctla2b,Th2
Ctps,Th2
Ctsc,Th2
Cubn,Th2
Cul1,Th2
Cyp1b1,Th2
D930048N14Rik,Th2
Ddx1,Th2
Dek,Th2
Dennd2c,Th2
Dgcr8,Th2
Dhfr,Th2
Dhx29,Th2
Dis3,Th2
Dlg2,Th2
Dna2,Th2
Dnttip2,Th2
Dock3,Th2
Dsel,Th2
Dst,Th2
Dtl,Th2
Dyrk4,Th2
Ehd4,Th2
Eif2b3,Th2
Emp1,Th2
Enpp2,Th2
Eogt,Th2
Exo1,Th2
Ezh2,Th2
Fabp5,Th2
Fam131b,Th2
Fam217b,Th2
Fam57a,Th2
Fam98a,Th2
Fanca,Th2
Fancm,Th2
Farp2,Th2
Farsb,Th2
Fastkd3,Th2
Fer1l6,Th2
Fignl1,Th2
Fktn,Th2
Fnbp1l,Th2
Fnip2,Th2
Frmd6,Th2
Fubp1,Th2
Gad2,Th2
Gatm,Th2
Gcnt2,Th2
Gemin6,Th2
Gfpt2,Th2
Glce,Th2
Gls2,Th2
Gm11648,Th2
Gm25663,Th2
Gm26394,Th2
Gm6166,Th2
Gmfb,Th2
Gnl3,Th2
Golm1,Th2
Gpr15,Th2
Hells,Th2
Hist1h2af,Th2
Hn1l,Th2
Hnrnpa2b1,Th2
Hnrnpr,Th2
Hspa9,Th2
Hspd1,Th2
Hsph1,Th2
Il17a,Th2
Il17f,Th2
Il2,Th2
Il21,Th2
Il2ra,Th2
Inhba,Th2
Ipo5,Th2
Irf4,Th2
Itpa,Th2
Jrkl,Th2
Katnbl1,Th2
Kdelc1,Th2
Kif3b,Th2
Kif5c,Th2
Knop1,Th2
Lbp,Th2
Lgr4,Th2
Lig1,Th2
Lpxn,Th2
Lrp1,Th2
Lrrc59,Th2
Lyar,Th2
Mak16,Th2
Malt1,Th2
Mat2a,Th2
Mcm10,Th2
Mcm3,Th2
Mcm8,Th2
Mlf1ip,Th2
Mphosph10,Th2
Mphosph6,Th2
Myh11,Th2
Myo3b,Th2
Myo5a,Th2
N4bp1,Th2
Naa15,Th2
Naa16,Th2
Nasp,Th2
Ncbp2,Th2
Nckap1,Th2
Ncs1,Th2
Ndufb4,Th2
Neu3,Th2
Nexn,Th2
Nfxl1,Th2
Noc3l,Th2
Nsf,Th2
Nudcd1,Th2
Nudt5,Th2
Nup133,Th2
Nup155,Th2
Nup85,Th2
Nup93,Th2
Nynrin,Th2
Orc1,Th2
Orc6,Th2
Osgin2,Th2
Pak1ip1,Th2
Palb2,Th2
Paqr8,Th2
Pax6,Th2
Pfas,Th2
Pgf,Th2
Pkhd1l1,Th2
Plagl2,Th2
Plod2,Th2
Pole,Th2
Pole3,Th2
Polr3g,Th2
Ppat,Th2
Ppid,Th2
Ppp1r14c,Th2
Ppp2r1b,Th2
Prim1,Th2
Prkci,Th2
Prkrir,Th2
Prps1,Th2
Prr5l,Th2
Psme3,Th2
Ptgfrn,Th2
Pus7,Th2
Rad1,Th2
Rad51ap1,Th2
Rbbp8,Th2
Rbmx2,Th2
Rdx,Th2
Rexo4,Th2
Rhot1,Th2
Rin2,Th2
Rnaseh2b,Th2
Rnmt,Th2
Rora,Th2
RP23-32L5.4,Th2
Scarna10,Th2
Scn4b,Th2
Sep-11,Th2
Serpine1,Th2
Sgk1,Th2
Sh3pxd2b,Th2
Shmt1,Th2
Skp2,Th2
Slc12a2,Th2
Slc19a2,Th2
Slc25a13,Th2
Slc39a1,Th2
Slc39a14,Th2
Slc43a3,Th2
Slc44a1,Th2
Slc4a8,Th2
Slc7a6,Th2
Slc9a5,Th2
Slmo2,Th2
Smarcc1,Th2
Smim3,Th2
Snhg5,Th2
Ssx2ip,Th2
St13,Th2
Stk35,Th2
Stx12,Th2
Stxbp4,Th2
Syn1,Th2
Taf2,Th2
Tbc1d24,Th2
Tdrkh,Th2
Tfap2a,Th2
Tfrc,Th2
Tgm2,Th2
Tgs1,Th2
Ticrr,Th2
Timm21,Th2
Timp1,Th2
Tln2,Th2
Tmtc2,Th2
Tmtc3,Th2
Tnfrsf13b,Th2
Tnip2,Th2
Tpbg,Th2
Traf6,Th2
Trappc13,Th2
Trim37,Th2
Trim9,Th2
Tspan6,Th2
Txlna,Th2
Ube2q2,Th2
Uchl5,Th2
Usp46,Th2
Usp49,Th2
Vmp1,Th2
Wdfy4,Th2
Wdhd1,Th2
Wdr75,Th2
Xrcc2,Th2
Zbtb18,Th2
Zc3h12d,Th2
Zfp101,Th2
Zfp667,Th2
Zfp9,Th2
Zik1,Th2
Zwilch,Th2
Zwint,Th2
4930453N24Rik,Th17
6430571L13Rik,Th17
Abhd14b,Th17
Acat3,Th17
Acot11,Th17
Adamtsl3,Th17
Adamtsl4,Th17
Adc,Th17
Adk,Th17
AI467606,Th17
AI854703,Th17
Ak2,Th17
Akr1c12,Th17
Akr1c13,Th17
Arl6ip5,Th17
Atf5,Th17
Atp1b3,Th17
Atp2a3,Th17
AW549877,Th17
B3galt5,Th17
Batf,Th17
Bbs9,Th17
Bcam,Th17
Bmp7,Th17
Cacna1c,Th17
Calcrl,Th17
Cnr2,Th17
Col6a2,Th17
Coro7,Th17
Cpeb1,Th17
Cst7,Th17
Ctage5,Th17
Ctse,Th17
Cyp4f16,Th17
Dok2,Th17
Ecm1,Th17
Emilin1,Th17
Eml1,Th17
Epas1,Th17
Epha2,Th17
Fam46a,Th17
Fbxo17,Th17
Fbxo27,Th17
Fcgrt,Th17
Focad,Th17
Gata3,Th17
Glipr2,Th17
Gm5127,Th17
Gm973,Th17
Gna15,Th17
Gpm6b,Th17
Hc,Th17
Hpgds,Th17
Hs1bp3,Th17
Hunk,Th17
Icosl,Th17
Ifi30,Th17
Il4,Th17
Il4ra,Th17
Itga7,Th17
Itgb3,Th17
Klk8,Th17
Kremen2,Th17
Krt18,Th17
Lgmn,Th17
Lhfp,Th17
Limd1,Th17
Lpcat4,Th17
Lrrc33,Th17
Man2b1,Th17
Map2,Th17
Mapre2,Th17
Mboat1,Th17
Mctp1,Th17
Micall2,Th17
mt-Cytb,Th17
mt-Nd1,Th17
mt-Rnr1,Th17
mt-Rnr2,Th17
mt-Tp,Th17
Mta2,Th17
Myo6,Th17
Nfil3,Th17
Nfx1,Th17
Oit3,Th17
P2rx7,Th17
Paxbp1,Th17
Phldb1,Th17
Plin3,Th17
Plxna1,Th17
Pmm2,Th17
Ppp2r3a,Th17
Ppp2r5a,Th17
Ppp3cc,Th17
Prkcz,Th17
Pros1,Th17
Ptgir,Th17
Rab19,Th17
Rab3a,Th17
Rap1b,Th17
Rapsn,Th17
Rasgrp4,Th17
Rnf19b,Th17
Rpl30,Th17
Sema4f,Th17
Sepp1,Th17
Sft2d2,Th17
Sgsh,Th17
Slc35c2,Th17
Slc37a3,Th17
Slc39a6,Th17
Slc41a2,Th17
Slc4a4,Th17
Slc4a7,Th17
Slc9a6,Th17
Slco4a1,Th17
Slfn2,Th17
Snora20,Th17
St8sia4,Th17
Sv2c,Th17
Tanc2,Th17
Tep1,Th17
Tmem41b,Th17
Tnfsf13b,Th17
Trat1,Th17
Ubl3,Th17
Unc80,Th17
Wdfy2,Th17
Wfikkn2,Th17
Wtap,Th17
Xpc,Th17
Zfp280b,Th17
Abl1,Proliferation
Adk,Proliferation
Ager,Proliferation
Aif1,Proliferation
Anxa1,Proliferation
Arg1,Proliferation
Arg2,Proliferation
Armc5,Proliferation
Bax,Proliferation
Blm,Proliferation
Bmi1,Proliferation
Bmp4,Proliferation
Btla,Proliferation
Btn1a1,Proliferation
Btn2a2,Proliferation
Btnl2,Proliferation
Card11,Proliferation
Carmil2,Proliferation
Casp3,Proliferation
Cblb,Proliferation
Ccdc88b,Proliferation
Ccl5,Proliferation
Ccl19,Proliferation
Ccnd3,Proliferation
Ccr2,Proliferation
Ccr7,Proliferation
Cd1d1,Proliferation
Cd3e,Proliferation
Cd4,Proliferation
Cd6,Proliferation
Cd24a,Proliferation
Cd28,Proliferation
Cd40lg,Proliferation
Cd44,Proliferation
Cd46,Proliferation
Cd55,Proliferation
Cd55b,Proliferation
Cd59a,Proliferation
Cd59b,Proliferation
Cd80,Proliferation
Cd81,Proliferation
Cd86,Proliferation
Cd151,Proliferation
Cd209a,Proliferation
Cd244a,Proliferation
Cd274,Proliferation
Cd276,Proliferation
Cdkn2a,Proliferation
Ceacam1,Proliferation
Cebpb,Proliferation
Clec2i,Proliferation
Clec4g,Proliferation
Coro1a,Proliferation
Crip3,Proliferation
Crtam,Proliferation
Ctla4,Proliferation
Ctnnb1,Proliferation
Ctps,Proliferation
Cxcl12,Proliferation
Cxcr4,Proliferation
Dhps,Proliferation
Dlg1,Proliferation
Dlg5,Proliferation
Dnaja3,Proliferation
Dock2,Proliferation
Dock8,Proliferation
Ebi3,Proliferation
Efnb1,Proliferation
Elf4,Proliferation
Ephb6,Proliferation
Epo,Proliferation
Erbb2,Proliferation
Fadd,Proliferation
Fkbp1a,Proliferation
Fkbp1b,Proliferation
Foxj1,Proliferation
Foxp3,Proliferation
Fyn,Proliferation
Gja1,Proliferation
Glmn,Proliferation
Gnrh1,Proliferation
Gpam,Proliferation
Gpnmb,Proliferation
H2-Aa,Proliferation
H2-Ab1,Proliferation
H2-DMb1,Proliferation
H2-DMb2,Proliferation
Havcr2,Proliferation
Hes1,Proliferation
Hmgb1,Proliferation
Icosl,Proliferation
Ido1,Proliferation
Ifng,Proliferation
Igf1,Proliferation
Igf2,Proliferation
Igfbp2,Proliferation
Ihh,Proliferation
Il1a,Proliferation
Il1b,Proliferation
Il2,Proliferation
Il2ra,Proliferation
Il4,Proliferation
Il4i1,Proliferation
Il4i1b,Proliferation
Il6,Proliferation
Il6st,Proliferation
Il12a,Proliferation
Il12b,Proliferation
Il12rb1,Proliferation
Il15,Proliferation
Il18,Proliferation
Il20rb,Proliferation
Il21,Proliferation
Il23a,Proliferation
Il27,Proliferation
Il27ra,Proliferation
Irf1,Proliferation
Itch,Proliferation
Itgad,Proliferation
Itgal,Proliferation
Itgam,Proliferation
Itgax,Proliferation
Itgb2,Proliferation
Jak3,Proliferation
Laptm5,Proliferation
Lep,Proliferation
Lgals3,Proliferation
Lgals7,Proliferation
Lgals9,Proliferation
Lilrb4a,Proliferation
Lilrb4b,Proliferation
Lmbr1l,Proliferation
Lmo1,Proliferation
Lrrc32,Proliferation
Mad1l1,Proliferation
Malt1,Proliferation
Mapk8ip1,Proliferation
Marchf7,Proliferation
Msn,Proliferation
Nck1,Proliferation
Nck2,Proliferation
Nckap1l,Proliferation
Ncstn,Proliferation
Ndfip1,Proliferation
P2rx7,Proliferation
Pawr,Proliferation
Pdcd1lg2,Proliferation
Pde5a,Proliferation
Peli1,Proliferation
Pla2g2a,Proliferation
Pla2g2d,Proliferation
Pla2g2f,Proliferation
Pnp,Proliferation
Prdx2,Proliferation
Prkar1a,Proliferation
Prkcq,Proliferation
Prnp,Proliferation
Psmb10,Proliferation
Ptpn6,Proliferation
Ptpn22,Proliferation
Ptprc,Proliferation
Pycard,Proliferation
Rac2,Proliferation
Rasal3,Proliferation
Rasgrp1,Proliferation
Rc3h1,Proliferation
Rc3h2,Proliferation
Ripk2,Proliferation
Ripk3,Proliferation
Ripor2,Proliferation
Rps3,Proliferation
Rps6,Proliferation
Sash3,Proliferation
Satb1,Proliferation
Scgb1a1,Proliferation
Scrib,Proliferation
Sdc4,Proliferation
Selenok,Proliferation
Sftpd,Proliferation
Sh3rf1,Proliferation
Shh,Proliferation
Slamf1,Proliferation
Slc4a1,Proliferation
Slc7a1,Proliferation
Slc11a1,Proliferation
Slfn1,Proliferation
Sos1,Proliferation
Sos2,Proliferation
Spn,Proliferation
Spta1,Proliferation
Stat5a,Proliferation
Stat5b,Proliferation
Syk,Proliferation
Tarm1,Proliferation
Tfrc,Proliferation
Tgfb1,Proliferation
Tgfbr2,Proliferation
Tmem131l,Proliferation
Tnfrsf1b,Proliferation
Tnfrsf4,Proliferation
Tnfrsf13c,Proliferation
Tnfrsf14,Proliferation
Tnfrsf21,Proliferation
Tnfsf4,Proliferation
Tnfsf9,Proliferation
Tnfsf13b,Proliferation
Tnfsf18,Proliferation
Traf6,Proliferation
Trp53,Proliferation
Twsg1,Proliferation
Vcam1,Proliferation
Vsig4,Proliferation
Vsir,Proliferation
Vtcn1,Proliferation
Washc1,Proliferation
Wnt4,Proliferation
Xcl1,Proliferation
Zap70,Proliferation
Zbtb7b,Proliferation
Zbtb32,Proliferation
Zc3h12d,Proliferation
Znhit1,Proliferation
Zp3,Proliferation
Anxa1,Differentiation
Atp7a,Differentiation
Batf,Differentiation
Bcl3,Differentiation
Bcl6,Differentiation
Ccl19,Differentiation
Ccl20,Differentiation
Ccr2,Differentiation
Ccr6,Differentiation
Ccr7,Differentiation
Cracr2a,Differentiation
Entpd7,Differentiation
Foxp1,Differentiation
Foxp3,Differentiation
Gadd45g,Differentiation
Gata3,Differentiation
Gpr183,Differentiation
Hlx,Differentiation
Hmgb1,Differentiation
Il2,Differentiation
Il4,Differentiation
Il4ra,Differentiation
Il6,Differentiation
Il6ra,Differentiation
Il12b,Differentiation
Il18,Differentiation
Il18r1,Differentiation
Il21,Differentiation
Il23a,Differentiation
Il27,Differentiation
Irf1,Differentiation
Irf4,Differentiation
Jak3,Differentiation
Lef1,Differentiation
Loxl3,Differentiation
Ly9,Differentiation
Malt1,Differentiation
Mir301,Differentiation
Mir326,Differentiation
Mir873a,Differentiation
Mtor,Differentiation
Myb,Differentiation
Nfkbid,Differentiation
Nfkbiz,Differentiation
Nlrp3,Differentiation
Otud5,Differentiation
Prkcz,Differentiation
Ptger4,Differentiation
Rara,Differentiation
Rc3h1,Differentiation
Rc3h2,Differentiation
Relb,Differentiation
Ripk2,Differentiation
Rora,Differentiation
Rorc,Differentiation
Sema4a,Differentiation
Shb,Differentiation
Slamf6,Differentiation
Smad7,Differentiation
Socs5,Differentiation
Spn,Differentiation
Stat3,Differentiation
Stat6,Differentiation
Tbx21,Differentiation
Tgfb1,Differentiation
Tmem98,Differentiation
Tnfsf4,Differentiation
Tnfsf18,Differentiation
Zbtb7b,Differentiation
Zc3h12a,Differentiation
Zfp35,Differentiation
Adam19,IL2_signal
Ager,IL2_signal
Ahcy,IL2_signal
Ahnak,IL2_signal
Ahr,IL2_signal
Alcam,IL2_signal
Amacr,IL2_signal
Anxa4,IL2_signal
Aplp1,IL2_signal
Arl4A,IL2_signal
Batf,IL2_signal
Batf3,IL2_signal
Bcl2,IL2_signal
Bcl2L1,IL2_signal
Bhlhe40,IL2_signal
Bmp2,IL2_signal
Bmpr2,IL2_signal
Ca2,IL2_signal
Capg,IL2_signal
Capn3,IL2_signal
Casp3,IL2_signal
Ccnd2,IL2_signal
Ccnd3,IL2_signal
Ccne1,IL2_signal
Ccr4,IL2_signal
Cd44,IL2_signal
Cd48,IL2_signal
Cd79B,IL2_signal
Cd81,IL2_signal
Cd83,IL2_signal
Cd86,IL2_signal
Cdc42Se2,IL2_signal
Cdc6,IL2_signal
Cdcp1,IL2_signal
Cdkn1C,IL2_signal
Cish,IL2_signal
Ckap4,IL2_signal
Coch,IL2_signal
Col6A1,IL2_signal
Csf1,IL2_signal
Csf2,IL2_signal
Cst7,IL2_signal
Ctla4,IL2_signal
Ctsz,IL2_signal
Cxcl10,IL2_signal
Cyfip1,IL2_signal
Dcps,IL2_signal
Dennd5A,IL2_signal
Dhrs3,IL2_signal
Drc1,IL2_signal
Ecm1,IL2_signal
Eef1Akmt1,IL2_signal
Emp1,IL2_signal
Eno3,IL2_signal
Enpp1,IL2_signal
Eomes,IL2_signal
Etfbkmt,IL2_signal
Etv4,IL2_signal
F2Rl2,IL2_signal
Fah,IL2_signal
Fam126B,IL2_signal
Fgl2,IL2_signal
Flt3Lg,IL2_signal
Furin,IL2_signal
Gabarapl1,IL2_signal
Gadd45B,IL2_signal
Galm,IL2_signal
Gata1,IL2_signal
Gbp4,IL2_signal
Glipr2,IL2_signal
Gpr65,IL2_signal
Gpr83,IL2_signal
Gpx4,IL2_signal
Gsto1,IL2_signal
Gucy1B1,IL2_signal
Hipk2,IL2_signal
Hk2,IL2_signal
Hopx,IL2_signal
Huwe1,IL2_signal
Icos,IL2_signal
Ifitm3,IL2_signal
Ifngr1,IL2_signal
Igf1R,IL2_signal
Igf2R,IL2_signal
Ikzf2,IL2_signal
Ikzf4,IL2_signal
Il10,IL2_signal
Il10Ra,IL2_signal
Il13,IL2_signal
Il18R1,IL2_signal
Il1R2,IL2_signal
Il1Rl1,IL2_signal
Il2Ra,IL2_signal
Il2Rb,IL2_signal
Il3Ra,IL2_signal
Il4R,IL2_signal
Irf4,IL2_signal
Irf6,IL2_signal
Irf8,IL2_signal
Itga6,IL2_signal
Itgae,IL2_signal
Itgav,IL2_signal
Itih5,IL2_signal
Klf6,IL2_signal
Lclat1,IL2_signal
Lif,IL2_signal
Lrig1,IL2_signal
Lrrc8C,IL2_signal
Ltb,IL2_signal
Maff,IL2_signal
Map3K8,IL2_signal
Map6,IL2_signal
Mapkapk2,IL2_signal
Muc1,IL2_signal
Mxd1,IL2_signal
Myc,IL2_signal
Myo1C,IL2_signal
Myo1E,IL2_signal
Ncoa3,IL2_signal
Ncs1,IL2_signal
Ndrg1,IL2_signal
Nfil3,IL2_signal
Nfkbiz,IL2_signal
Nop2,IL2_signal
Nrp1,IL2_signal
Nt5E,IL2_signal
Odc1,IL2_signal
P2Rx4,IL2_signal
P4Ha1,IL2_signal
Pdcd2L,IL2_signal
Penk,IL2_signal
Phlda1,IL2_signal
Phtf2,IL2_signal
Pim1,IL2_signal
Plagl1,IL2_signal
Plec,IL2_signal
Plin2,IL2_signal
Plpp1,IL2_signal
Plscr1,IL2_signal
Pnp,IL2_signal
Pou2F1,IL2_signal
Praf2,IL2_signal
Prkch,IL2_signal
Prnp,IL2_signal
Ptch1,IL2_signal
Ptger2,IL2_signal
Pth1R,IL2_signal
Ptrh2,IL2_signal
Pus1,IL2_signal
Rabgap1L,IL2_signal
Rgs16,IL2_signal
Rhob,IL2_signal
Rhoh,IL2_signal
Rnh1,IL2_signal
Rora,IL2_signal
Rragd,IL2_signal
S100A1,IL2_signal
Scn9A,IL2_signal
Sell,IL2_signal
Selp,IL2_signal
Serpinb6,IL2_signal
Serpinc1,IL2_signal
Sh3Bgrl2,IL2_signal
She,IL2_signal
Slc1A5,IL2_signal
Slc29A2,IL2_signal
Slc2A3,IL2_signal
Slc39A8,IL2_signal
Smpdl3A,IL2_signal
Snx14,IL2_signal
Snx9,IL2_signal
Socs1,IL2_signal
Socs2,IL2_signal
Spp1,IL2_signal
Spred2,IL2_signal
Spry4,IL2_signal
St3Gal4,IL2_signal
Swap70,IL2_signal
Syngr2,IL2_signal
Syt11,IL2_signal
Tgm2,IL2_signal
Tiam1,IL2_signal
Tlr7,IL2_signal
Tnfrsf18,IL2_signal
Tnfrsf1B,IL2_signal
Tnfrsf21,IL2_signal
Tnfrsf4,IL2_signal
Tnfrsf8,IL2_signal
Tnfrsf9,IL2_signal
Tnfsf10,IL2_signal
Tnfsf11,IL2_signal
Traf1,IL2_signal
Ttc39B,IL2_signal
Twsg1,IL2_signal
Uck2,IL2_signal
Umps,IL2_signal
Wls,IL2_signal
Xbp1,IL2_signal
Abl1,Activation
Abl2,Activation
Ada,Activation
Adam8,Activation
Adam17,Activation
Adk,Activation
Adora2a,Activation
Adrm1,Activation
Ager,Activation
Aif1,Activation
Aire,Activation
Ambra1,Activation
Ankle1,Activation
Anxa1,Activation
Ap3b1,Activation
Ap3d1,Activation
Apbb1ip,Activation
Apc,Activation
Arg1,Activation
Arg2,Activation
Armc5,Activation
Atf2,Activation
Atg5,Activation
Atp7a,Activation
Azi2,Activation
B2m,Activation
Bad,Activation
Batf,Activation
Bax,Activation
Bcl2,Activation
Bcl2a1d,Activation
Bcl3,Activation
Bcl6,Activation
Bcl10,Activation
Bcl11a,Activation
Bcl11b,Activation
Blm,Activation
Bmi1,Activation
Bmp4,Activation
Braf,Activation
Btla,Activation
Btn1a1,Activation
Btn2a2,Activation
Btnl1,Activation
Btnl2,Activation
Btnl6,Activation
Cacnb4,Activation
Card11,Activation
Carmil2,Activation
Casp3,Activation
Cav1,Activation
Cbfb,Activation
Cblb,Activation
Ccdc88b,Activation
Ccl2,Activation
Ccl5,Activation
Ccl19,Activation
Ccl20,Activation
Ccl21a,Activation
Ccl21b,Activation
Ccl21c,Activation
Ccnd3,Activation
Ccr2,Activation
Ccr6,Activation
Ccr7,Activation
Ccr9,Activation
Cd1d1,Activation
Cd1d2,Activation
Cd2,Activation
Cd3d,Activation
Cd3e,Activation
Cd3g,Activation
Cd4,Activation
Cd5,Activation
Cd6,Activation
Cd8a,Activation
Cd24a,Activation
Cd27,Activation
Cd28,Activation
Cd40lg,Activation
Cd44,Activation
Cd46,Activation
Cd47,Activation
Cd48,Activation
Cd55,Activation
Cd55b,Activation
Cd59a,Activation
Cd59b,Activation
Cd74,Activation
Cd80,Activation
Cd81,Activation
Cd83,Activation
Cd84,Activation
Cd86,Activation
Cd151,Activation
Cd160,Activation
Cd209a,Activation
Cd244a,Activation
Cd274,Activation
Cd276,Activation
Cd300a,Activation
Cdh26,Activation
Cdk6,Activation
Cdkn2a,Activation
Ceacam1,Activation
Cebpb,Activation
Cgas,Activation
Chd7,Activation
Chrna7,Activation
Clec2i,Activation
Clec4a1,Activation
Clec4a2,Activation
Clec4a3,Activation
Clec4a4,Activation
Clec4b1,Activation
Clec4d,Activation
Clec4e,Activation
Clec4f,Activation
Clec4g,Activation
Clptm1,Activation
Coro1a,Activation
Cracr2a,Activation
Crip3,Activation
Crtam,Activation
Csk,Activation
Ctla2a,Activation
Ctla4,Activation
Ctnnb1,Activation
Ctps,Activation
Ctsg,Activation
Ctsl,Activation
Cxadr,Activation
Cxcl12,Activation
Cxcr4,Activation
Cyld,Activation
Cyp26b1,Activation
Cyrib,Activation
Ddost,Activation
Dhps,Activation
Dicer1,Activation
Dlg1,Activation
Dlg5,Activation
Dll4,Activation
Dnaja3,Activation
Dock2,Activation
Dock8,Activation
Dpp4,Activation
Drosha,Activation
Dtx1,Activation
Dusp3,Activation
Dusp10,Activation
Dusp22,Activation
Duxbl1,Activation
Ebi3,Activation
Efnb1,Activation
Efnb2,Activation
Efnb3,Activation
Egr1,Activation
Egr3,Activation
Eif2ak4,Activation
Elf4,Activation
Enpp1,Activation
Entpd7,Activation
Eomes,Activation
Ephb4,Activation
Ephb6,Activation
Epo,Activation
Erbb2,Activation
F2rl1,Activation
Fadd,Activation
Fanca,Activation
Fancd2,Activation
Fas,Activation
Fcer1g,Activation
Fcho1,Activation
Fgl1,Activation
Fgl2,Activation
Fkbp1a,Activation
Fkbp1b,Activation
Flot2,Activation
Flt3,Activation
Foxj1,Activation
Foxn1,Activation
Foxo3,Activation
Foxp1,Activation
Foxp3,Activation
Fut7,Activation
Fyn,Activation
Fzd5,Activation
Fzd7,Activation
Fzd8,Activation
Gadd45g,Activation
Gata3,Activation
Gba,Activation
Gimap1,Activation
Gimap3,Activation
Gimap5,Activation
Gja1,Activation
Gli3,Activation
Glmn,Activation
Gm5150,Activation
Gm9733,Activation
Gm13271,Activation
Gm13272,Activation
Gm13275,Activation
Gm13276,Activation
Gm13277,Activation
Gm13283,Activation
Gnrh1,Activation
Gpam,Activation
Gpnmb,Activation
Gpr18,Activation
Gpr89,Activation
Gpr183,Activation
Gsn,Activation
H2-Aa,Activation
H2-Ab1,Activation
H2-DMa,Activation
H2-DMb1,Activation
H2-DMb2,Activation
H2-Eb1,Activation
H2-Eb2,Activation
H2-M3,Activation
H2-Oa,Activation
H2-Ob,Activation
Havcr2,Activation
Hes1,Activation
Hfe,Activation
Hlx,Activation
Hmgb1,Activation
Hs1bp3,Activation
Hsh2d,Activation
Hsp90aa1,Activation
Hspb1,Activation
Hspd1,Activation
Hsph1,Activation
Icam1,Activation
Icos,Activation
Icosl,Activation
Ido1,Activation
Ifna1,Activation
Ifna2,Activation
Ifna4,Activation
Ifna5,Activation
Ifna6,Activation
Ifna7,Activation
Ifna9,Activation
Ifna11,Activation
Ifna12,Activation
Ifna13,Activation
Ifna14,Activation
Ifna15,Activation
Ifna16,Activation
Ifnab,Activation
Ifnar1,Activation
Ifnb1,Activation
Ifne,Activation
Ifng,Activation
Ifnk,Activation
Ifnz,Activation
Igf1,Activation
Igf2,Activation
Igfbp2,Activation
Ihh,Activation
Ikzf1,Activation
Il1a,Activation
Il1b,Activation
Il1rl2,Activation
Il2,Activation
Il2ra,Activation
Il2rg,Activation
Il4,Activation
Il4i1,Activation
Il4i1b,Activation
Il4ra,Activation
Il6,Activation
Il6ra,Activation
Il6st,Activation
Il7,Activation
Il7r,Activation
Il12a,Activation
Il12b,Activation
Il12rb1,Activation
Il12rb2,Activation
Il15,Activation
Il18,Activation
Il18r1,Activation
Il20rb,Activation
Il21,Activation
Il23a,Activation
Il23r,Activation
Il27,Activation
Il27ra,Activation
Il36b,Activation
Ildr2,Activation
Irf1,Activation
Irf4,Activation
Israa,Activation
Itch,Activation
Itgad,Activation
Itgal,Activation
Itgam,Activation
Itgav,Activation
Itgax,Activation
Itgb2,Activation
Itk,Activation
Itpkb,Activation
Jag2,Activation
Jak2,Activation
Jak3,Activation
Jaml,Activation
Jmjd6,Activation
Kat2a,Activation
Kdelr1,Activation
Kit,Activation
Lag3,Activation
Laptm5,Activation
Lat,Activation
Lax1,Activation
Lck,Activation
Lcp1,Activation
Lef1,Activation
Lep,Activation
Lepr,Activation
Lfng,Activation
Lgals1,Activation
Lgals3,Activation
Lgals7,Activation
Lgals8,Activation
Lgals9,Activation
Lig4,Activation
Lilrb4a,Activation
Lilrb4b,Activation
Lmbr1l,Activation
Lmo1,Activation
Loxl3,Activation
Lrrc32,Activation
Ly9,Activation
Mad1l1,Activation
Mafb,Activation
Malt1,Activation
Mapk8ip1,Activation
Marchf7,Activation
Mdk,Activation
Mettl3,Activation
Mink1,Activation
Mir301,Activation
Mir326,Activation
Mir873a,Activation
Mpzl2,Activation
Mr1,Activation
Msn,Activation
Mtor,Activation
Myb,Activation
Myh9,Activation
Ncaph2,Activation
Nck1,Activation
Nck2,Activation
Nckap1l,Activation
Ncor1,Activation
Ncstn,Activation
Ndfip1,Activation
Nedd4,Activation
Nfatc3,Activation
Nfkbid,Activation
Nfkbiz,Activation
Nhej1,Activation
Nkap,Activation
Nkg7,Activation
Nkx2-3,Activation
Nlrc3,Activation
Nlrp3,Activation
Nrarp,Activation
Otud5,Activation
P2rx7,Activation
Pag1,Activation
Patz1,Activation
Pawr,Activation
Pax1,Activation
Pck1,Activation
Pdcd1lg2,Activation
Pde5a,Activation
Peli1,Activation
Pik3r6,Activation
Pknox1,Activation
Pla2g2a,Activation
Pla2g2d,Activation
Pla2g2f,Activation
Pnp,Activation
Ppp3cb,Activation
Prdm1,Activation
Prdx2,Activation
Prelid1,Activation
Prex1,Activation
Prkar1a,Activation
Prkcq,Activation
Prkcz,Activation
Prkdc,Activation
Prnp,Activation
Prr7,Activation
Psap,Activation
Psen1,Activation
Psen2,Activation
Psmb10,Activation
Psmb11,Activation
Ptger4,Activation
Ptpn2,Activation
Ptpn6,Activation
Ptpn22,Activation
Ptprc,Activation
Pycard,Activation
Rab27a,Activation
Rab29,Activation
Rabl3,Activation
Rac2,Activation
Rag1,Activation
Rag2,Activation
Rara,Activation
Rasal3,Activation
Rasgrp1,Activation
Rc3h1,Activation
Rc3h2,Activation
Relb,Activation
Rhoa,Activation
Rhoh,Activation
Ripk2,Activation
Ripk3,Activation
Ripor2,Activation
Rora,Activation
Rorc,Activation
Rpl22,Activation
Rps3,Activation
Rps6,Activation
Rsad2,Activation
Runx1,Activation
Runx2,Activation
Runx3,Activation
Sart1,Activation
Sash3,Activation
Satb1,Activation
Scart2,Activation
Scgb1a1,Activation
Scrib,Activation
Sdc4,Activation
Selenok,Activation
Sema4a,Activation
Sftpd,Activation
Sh2b3,Activation
Sh3rf1,Activation
Shb,Activation
Shh,Activation
Sirpa,Activation
Sirpb1a,Activation
Sirpb1b,Activation
Sirpb1c,Activation
Sit1,Activation
Skint1,Activation
Skint2,Activation
Sla2,Activation
Slamf1,Activation
Slamf6,Activation
Slamf7,Activation
Slamf9,Activation
Slc4a1,Activation
Slc7a1,Activation
Slc11a1,Activation
Slc46a2,Activation
Slfn1,Activation
Smad3,Activation
Smad7,Activation
Socs1,Activation
Socs5,Activation
Socs6,Activation
Sos1,Activation
Sos2,Activation
Sox4,Activation
Sox12,Activation
Sox13,Activation
Sp3,Activation
Spi1,Activation
Spn,Activation
Spta1,Activation
Srf,Activation
Stat3,Activation
Stat5a,Activation
Stat5b,Activation
Stat6,Activation
Stk11,Activation
Stoml2,Activation
Stx11,Activation
Syk,Activation
Tarm1,Activation
Tbx21,Activation
Tcf3,Activation
Tcf7,Activation
Tcirg1,Activation
Tcra,Activation
Tcra-V3.1,Activation
Tcrb,Activation
Tespa1,Activation
Tfrc,Activation
Tgfb1,Activation
Tgfbr2,Activation
Themis,Activation
Thy1,Activation
Tigit,Activation
Tmem98,Activation
Tmem131l,Activation
Tnfaip8l2,Activation
Tnfrsf1b,Activation
Tnfrsf4,Activation
Tnfrsf13c,Activation
Tnfrsf14,Activation
Tnfrsf21,Activation
Tnfsf4,Activation
Tnfsf8,Activation
Tnfsf9,Activation
Tnfsf11,Activation
Tnfsf13b,Activation
Tnfsf14,Activation
Tnfsf18,Activation
Tox,Activation
Traf3ip2,Activation
Traf6,Activation
Traj18,Activation
Treml2,Activation
Trex1,Activation
Trp53,Activation
Tsc1,Activation
Twsg1,Activation
Txk,Activation
Tyk2,Activation
Vav1,Activation
Vcam1,Activation
Vnn1,Activation
Vsig4,Activation
Vsir,Activation
Vtcn1,Activation
Was,Activation
Washc1,Activation
Wdfy4,Activation
Wnt1,Activation
Wnt4,Activation
Wwp1,Activation
Xbp1,Activation
Xcl1,Activation
Xrcc4,Activation
Zap70,Activation
Zbtb1,Activation
Zbtb7b,Activation
Zbtb16,Activation
Zbtb32,Activation
Zc3h8,Activation
Zc3h12a,Activation
Zc3h12d,Activation
Zeb1,Activation
Zfp35,Activation
Zfp36l1,Activation
Zfp36l2,Activation
Zfp608,Activation
Zfp609,Activation
Zfp683,Activation
Zmiz1,Activation
Znhit1,Activation
Zp3,Activation
