"ftest","pvalue","gene","model"
"Th1vsMixed",0.0215090815545201,"1110067D22Rik","Th1/2"
"Th2vsMixed",0.650770915972219,"1110067D22Rik","Th1/2"
"Th1vsMixed",0.0195243371261525,"2010001M09Rik","Th1/2"
"Th2vsMixed",0.64455142445082,"2010001M09Rik","Th1/2"
"Th1vsMixed",0.0469991576215535,"2310004I24Rik","Th1/2"
"Th2vsMixed",0.135071995468988,"2310004I24Rik","Th1/2"
"Th1vsMixed",0.00387056268868903,"2510009E07Rik","Th1/2"
"Th2vsMixed",0.27135538263282,"2510009E07Rik","Th1/2"
"Th1vsMixed",0.000151920368114316,"2510009E07Rik.2","Th1/2"
"Th2vsMixed",0.000440540998556535,"2510009E07Rik.2","Th1/2"
"Th1vsMixed",0.0541172534268305,"2810474O19Rik","Th1/2"
"Th2vsMixed",0.354454892256725,"2810474O19Rik","Th1/2"
"Th1vsMixed",0.00107917654385698,"4930539E08Rik","Th1/2"
"Th2vsMixed",2.15720914657401e-05,"4930539E08Rik","Th1/2"
"Th1vsMixed",1.86458886699933e-05,"5730469M10Rik","Th1/2"
"Th2vsMixed",0.165056720825124,"5730469M10Rik","Th1/2"
"Th1vsMixed",4.76767260103766e-08,"5730469M10Rik.1","Th1/2"
"Th2vsMixed",0.750314698678117,"5730469M10Rik.1","Th1/2"
"Th1vsMixed",0.00795328773579177,"9930111J21Rik","Th1/2"
"Th2vsMixed",0.989967667414637,"9930111J21Rik","Th1/2"
"Th1vsMixed",0.0351978806550349,"A630077B13Rik","Th1/2"
"Th2vsMixed",0.0517239855634884,"A630077B13Rik","Th1/2"
"Th1vsMixed",0.139605080176263,"Actr3b","Th1/2"
"Th2vsMixed",0.0431303964700543,"Actr3b","Th1/2"
"Th1vsMixed",0.41808880563871,"Adar","Th1/2"
"Th2vsMixed",0.438638629103869,"Adar","Th1/2"
"Th1vsMixed",4.83619067249066e-05,"Adora3.1","Th1/2"
"Th2vsMixed",0.663899979509461,"Adora3.1","Th1/2"
"Th1vsMixed",0.202488851955403,"Aff4","Th1/2"
"Th2vsMixed",0.00301623720480075,"Aff4","Th1/2"
"Th1vsMixed",0.000929259180526735,"AI451557","Th1/2"
"Th2vsMixed",0.0939242392615061,"AI451557","Th1/2"
"Th1vsMixed",0.358676559313168,"AI451617","Th1/2"
"Th2vsMixed",0.0743005101919959,"AI451617","Th1/2"
"Th1vsMixed",8.20956225068212e-10,"Akr1c18","Th1/2"
"Th2vsMixed",0.965068585930385,"Akr1c18","Th1/2"
"Th1vsMixed",0.109449999970454,"Amica1","Th1/2"
"Th2vsMixed",0.0446085965963598,"Amica1","Th1/2"
"Th1vsMixed",0.00120931405121893,"Antxr2","Th1/2"
"Th2vsMixed",0.0400253913828125,"Antxr2","Th1/2"
"Th1vsMixed",0.00106300606839738,"Anxa9","Th1/2"
"Th2vsMixed",0.127702875394852,"Anxa9","Th1/2"
"Th1vsMixed",1.35101200959844e-05,"Aqp9","Th1/2"
"Th2vsMixed",5.03450810670785e-06,"Aqp9","Th1/2"
"Th1vsMixed",0.00736703484351817,"Armcx6.1","Th1/2"
"Th2vsMixed",0.0247271644864249,"Armcx6.1","Th1/2"
"Th1vsMixed",6.32868112709777e-06,"Asb13.1","Th1/2"
"Th2vsMixed",0.00985387605442286,"Asb13.1","Th1/2"
"Th1vsMixed",2.81491550123838e-06,"Asb2","Th1/2"
"Th2vsMixed",0.285870723515679,"Asb2","Th1/2"
"Th1vsMixed",6.06556550765439e-05,"Atg2a.1","Th1/2"
"Th2vsMixed",0.76293799973935,"Atg2a.1","Th1/2"
"Th1vsMixed",0.00522657833053993,"Atp10a","Th1/2"
"Th2vsMixed",0.140912506062944,"Atp10a","Th1/2"
"Th1vsMixed",0.00998840338264781,"B930041F14Rik","Th1/2"
"Th2vsMixed",0.00469329438828515,"B930041F14Rik","Th1/2"
"Th1vsMixed",0.260687388586559,"Bbs12","Th1/2"
"Th2vsMixed",0.0824499553723152,"Bbs12","Th1/2"
"Th1vsMixed",0.00107036741643649,"BC006779","Th1/2"
"Th2vsMixed",0.0926527727507519,"BC006779","Th1/2"
"Th1vsMixed",0.00601207429395181,"BC038156","Th1/2"
"Th2vsMixed",0.0200640776283352,"BC038156","Th1/2"
"Th1vsMixed",4.06500958615135e-06,"BC057079","Th1/2"
"Th2vsMixed",0.624190570365387,"BC057079","Th1/2"
"Th1vsMixed",3.32205722013895e-07,"BC094916","Th1/2"
"Th2vsMixed",0.0728519635154292,"BC094916","Th1/2"
"Th1vsMixed",2.55074955104707e-06,"BC094916.1","Th1/2"
"Th2vsMixed",0.00398095951343099,"BC094916.1","Th1/2"
"Th1vsMixed",0.607434628139788,"Bst2","Th1/2"
"Th2vsMixed",0.146992048364806,"Bst2","Th1/2"
"Th1vsMixed",1.65477816845655e-05,"Bzrap1","Th1/2"
"Th2vsMixed",0.000609023893389623,"Bzrap1","Th1/2"
"Th1vsMixed",0.0703574042969668,"C030048B08Rik.1","Th1/2"
"Th2vsMixed",0.230379350430735,"C030048B08Rik.1","Th1/2"
"Th1vsMixed",3.29134207966848e-05,"C730027P07Rik","Th1/2"
"Th2vsMixed",0.0307499028218796,"C730027P07Rik","Th1/2"
"Th1vsMixed",2.64662823393323e-05,"Car5b.2","Th1/2"
"Th2vsMixed",0.000109686197888917,"Car5b.2","Th1/2"
"Th1vsMixed",0.0101971185231948,"Casp1","Th1/2"
"Th2vsMixed",0.00320995566801004,"Casp1","Th1/2"
"Th1vsMixed",0.00149930307489873,"Casp6","Th1/2"
"Th2vsMixed",0.824496221288585,"Casp6","Th1/2"
"Th1vsMixed",0.000752883863055846,"Casp6.1","Th1/2"
"Th2vsMixed",0.59416783444309,"Casp6.1","Th1/2"
"Th1vsMixed",0.199909409296079,"Ccr5","Th1/2"
"Th2vsMixed",0.00013827182656339,"Ccr5","Th1/2"
"Th1vsMixed",0.00817351251172579,"Ccr5.1","Th1/2"
"Th2vsMixed",2.61037261568289e-05,"Ccr5.1","Th1/2"
"Th1vsMixed",0.00822049033962034,"Ccr5.2","Th1/2"
"Th2vsMixed",0.000152447305318325,"Ccr5.2","Th1/2"
"Th1vsMixed",0.375656384023893,"Cd79b","Th1/2"
"Th2vsMixed",0.00801555815091284,"Cd79b","Th1/2"
"Th1vsMixed",0.258950170744744,"Cd79b.1","Th1/2"
"Th2vsMixed",0.0179843082887972,"Cd79b.1","Th1/2"
"Th1vsMixed",0.000763291179165765,"Cd80","Th1/2"
"Th2vsMixed",0.185774090179918,"Cd80","Th1/2"
"Th1vsMixed",7.85729614582116e-07,"Cd86","Th1/2"
"Th2vsMixed",0.503308287057379,"Cd86","Th1/2"
"Th1vsMixed",2.52728506363206e-06,"Cd86.1","Th1/2"
"Th2vsMixed",0.843239358738142,"Cd86.1","Th1/2"
"Th1vsMixed",4.76131210982215e-08,"Cd86.2","Th1/2"
"Th2vsMixed",0.631442458795332,"Cd86.2","Th1/2"
"Th1vsMixed",0.000232922960540299,"Cdc42se1.1","Th1/2"
"Th2vsMixed",0.110053791432855,"Cdc42se1.1","Th1/2"
"Th1vsMixed",0.000236308860363923,"Cercam","Th1/2"
"Th2vsMixed",0.309292278166382,"Cercam","Th1/2"
"Th1vsMixed",0.927905052832328,"Ch25h","Th1/2"
"Th2vsMixed",0.0015053184793915,"Ch25h","Th1/2"
"Th1vsMixed",0.000744863394738021,"Clec2e","Th1/2"
"Th2vsMixed",0.133155064049326,"Clec2e","Th1/2"
"Th1vsMixed",8.49072134362697e-06,"Clpx","Th1/2"
"Th2vsMixed",0.00916137339355864,"Clpx","Th1/2"
"Th1vsMixed",5.4731313301854e-05,"Cox7a1","Th1/2"
"Th2vsMixed",0.302314127002728,"Cox7a1","Th1/2"
"Th1vsMixed",0.000392918739706487,"Csprs","Th1/2"
"Th2vsMixed",0.00547458870842494,"Csprs","Th1/2"
"Th1vsMixed",9.6520743725381e-06,"Ctsw","Th1/2"
"Th2vsMixed",1.19120276083917e-05,"Ctsw","Th1/2"
"Th1vsMixed",0.0049819169627667,"Cuedc1","Th1/2"
"Th2vsMixed",0.0507784926882934,"Cuedc1","Th1/2"
"Th1vsMixed",0.608126208668449,"Cxcr3","Th1/2"
"Th2vsMixed",0.00013325124087228,"Cxcr3","Th1/2"
"Th1vsMixed",0.000610158506245266,"Cyp2s1","Th1/2"
"Th2vsMixed",0.020646560457032,"Cyp2s1","Th1/2"
"Th1vsMixed",8.4933300583488e-05,"D14Ertd668e.1","Th1/2"
"Th2vsMixed",0.981680383745676,"D14Ertd668e.1","Th1/2"
"Th1vsMixed",4.95066002377303e-07,"D330045A20Rik","Th1/2"
"Th2vsMixed",0.53705926984836,"D330045A20Rik","Th1/2"
"Th1vsMixed",1.35691435961153e-07,"D330045A20Rik.1","Th1/2"
"Th2vsMixed",0.275167843929638,"D330045A20Rik.1","Th1/2"
"Th1vsMixed",0.000418040319783374,"D330045A20Rik.2","Th1/2"
"Th2vsMixed",0.300875420245982,"D330045A20Rik.2","Th1/2"
"Th1vsMixed",2.9946458605154e-05,"Dbndd2.2","Th1/2"
"Th2vsMixed",0.894829462234598,"Dbndd2.2","Th1/2"
"Th1vsMixed",0.0713262500569698,"Ddx26b","Th1/2"
"Th2vsMixed",0.00337032782627014,"Ddx26b","Th1/2"
"Th1vsMixed",6.74501487310636e-07,"Ddx58","Th1/2"
"Th2vsMixed",9.41650044287347e-05,"Ddx58","Th1/2"
"Th1vsMixed",0.000315206714602555,"Ddx60","Th1/2"
"Th2vsMixed",0.427904434660793,"Ddx60","Th1/2"
"Th1vsMixed",0.000285526646397701,"Dhx58","Th1/2"
"Th2vsMixed",0.00077522960318959,"Dhx58","Th1/2"
"Th1vsMixed",0.0019369304221395,"Dhx58.1","Th1/2"
"Th2vsMixed",0.000407880101942335,"Dhx58.1","Th1/2"
"Th1vsMixed",0.000252205254716823,"Dnalc1.1","Th1/2"
"Th2vsMixed",0.521575306358615,"Dnalc1.1","Th1/2"
"Th1vsMixed",0.00876784025447107,"Dtx3l","Th1/2"
"Th2vsMixed",0.015354092368339,"Dtx3l","Th1/2"
"Th1vsMixed",0.0283783063645342,"Dusp14","Th1/2"
"Th2vsMixed",0.535576593811975,"Dusp14","Th1/2"
"Th1vsMixed",4.90263595665615e-06,"Edn1","Th1/2"
"Th2vsMixed",0.89813716243764,"Edn1","Th1/2"
"Th1vsMixed",0.000489639437150323,"Efna5","Th1/2"
"Th2vsMixed",0.625709273418724,"Efna5","Th1/2"
"Th1vsMixed",0.442892046010002,"EG240327","Th1/2"
"Th2vsMixed",0.00160047605236507,"EG240327","Th1/2"
"Th1vsMixed",0.75769777623031,"EG630499.1","Th1/2"
"Th2vsMixed",0.0476146744007223,"EG630499.1","Th1/2"
"Th1vsMixed",2.98269637571826e-05,"Emr1","Th1/2"
"Th2vsMixed",0.503838203013084,"Emr1","Th1/2"
"Th1vsMixed",0.00294571524333186,"Endod1","Th1/2"
"Th2vsMixed",0.183426553274038,"Endod1","Th1/2"
"Th1vsMixed",0.000338404842209252,"Enpp4","Th1/2"
"Th2vsMixed",0.184220653604379,"Enpp4","Th1/2"
"Th1vsMixed",9.15680890940856e-06,"Eomes","Th1/2"
"Th2vsMixed",0.0455247399144021,"Eomes","Th1/2"
"Th1vsMixed",0.125315044338244,"Epm2aip1.3","Th1/2"
"Th2vsMixed",0.0288880431464239,"Epm2aip1.3","Th1/2"
"Th1vsMixed",0.000349197725307723,"Etv6","Th1/2"
"Th2vsMixed",0.0198015754490128,"Etv6","Th1/2"
"Th1vsMixed",0.00274475599949212,"Fcrls","Th1/2"
"Th2vsMixed",0.837912512805061,"Fcrls","Th1/2"
"Th1vsMixed",0.0484123416019824,"Fes","Th1/2"
"Th2vsMixed",0.000100374304331887,"Fes","Th1/2"
"Th1vsMixed",0.829234005883899,"Ffar2","Th1/2"
"Th2vsMixed",4.51132127581039e-05,"Ffar2","Th1/2"
"Th1vsMixed",0.308075413057071,"Fgl2","Th1/2"
"Th2vsMixed",0.0363160194508799,"Fgl2","Th1/2"
"Th1vsMixed",0.00192028754341294,"Fhl2","Th1/2"
"Th2vsMixed",0.545891097241888,"Fhl2","Th1/2"
"Th1vsMixed",0.0119001210297651,"Fmnl3.1","Th1/2"
"Th2vsMixed",0.0873314042924667,"Fmnl3.1","Th1/2"
"Th1vsMixed",0.00636998909980195,"Fos","Th1/2"
"Th2vsMixed",0.0406524523963554,"Fos","Th1/2"
"Th1vsMixed",0.000100889577826854,"Foxq1","Th1/2"
"Th2vsMixed",0.878892833452461,"Foxq1","Th1/2"
"Th1vsMixed",0.0252546200830028,"Fscn1","Th1/2"
"Th2vsMixed",0.740226478566158,"Fscn1","Th1/2"
"Th1vsMixed",0.000155368477118473,"Furin","Th1/2"
"Th2vsMixed",0.000934567718757657,"Furin","Th1/2"
"Th1vsMixed",0.000633299784943593,"Furin.2","Th1/2"
"Th2vsMixed",0.000118255726869747,"Furin.2","Th1/2"
"Th1vsMixed",5.59488063616992e-05,"Gata3","Th1/2"
"Th2vsMixed",0.0666231648310219,"Gata3","Th1/2"
"Th1vsMixed",0.00813262447685527,"Gbp1","Th1/2"
"Th2vsMixed",0.0289278573635618,"Gbp1","Th1/2"
"Th1vsMixed",0.000480589382639233,"Gbp3.1","Th1/2"
"Th2vsMixed",0.00740187194164072,"Gbp3.1","Th1/2"
"Th1vsMixed",0.00584016314319942,"Gbp5","Th1/2"
"Th2vsMixed",0.00749804242217882,"Gbp5","Th1/2"
"Th1vsMixed",0.2639934615849,"Gbp5.1","Th1/2"
"Th2vsMixed",0.593965989964203,"Gbp5.1","Th1/2"
"Th1vsMixed",0.00204771020442255,"Gbp6","Th1/2"
"Th2vsMixed",0.297146101002764,"Gbp6","Th1/2"
"Th1vsMixed",0.00302070638056286,"Gbp6.1","Th1/2"
"Th2vsMixed",0.581171408752712,"Gbp6.1","Th1/2"
"Th1vsMixed",0.0136710865894944,"Gnaq.2","Th1/2"
"Th2vsMixed",0.00154131914693957,"Gnaq.2","Th1/2"
"Th1vsMixed",0.00124070787518332,"Gnpda1","Th1/2"
"Th2vsMixed",0.157404187796049,"Gnpda1","Th1/2"
"Th1vsMixed",0.0191905378246567,"Gnpda1.1","Th1/2"
"Th2vsMixed",0.187646958263152,"Gnpda1.1","Th1/2"
"Th1vsMixed",0.00210007522770076,"Gpr114","Th1/2"
"Th2vsMixed",0.00286270055161129,"Gpr114","Th1/2"
"Th1vsMixed",0.00015339160295234,"Gpr65","Th1/2"
"Th2vsMixed",0.776935432280406,"Gpr65","Th1/2"
"Th1vsMixed",0.0197804458666386,"Gpr83","Th1/2"
"Th2vsMixed",0.00021636548294415,"Gpr83","Th1/2"
"Th1vsMixed",0.0206210038634009,"Gramd3.1","Th1/2"
"Th2vsMixed",0.108165861118269,"Gramd3.1","Th1/2"
"Th1vsMixed",0.000547655049241537,"Gvin1","Th1/2"
"Th2vsMixed",0.197107611849694,"Gvin1","Th1/2"
"Th1vsMixed",0.000536527248796613,"Gypc","Th1/2"
"Th2vsMixed",0.47600253385652,"Gypc","Th1/2"
"Th1vsMixed",0.0683550200130174,"H2-DMb1","Th1/2"
"Th2vsMixed",0.00808009170125313,"H2-DMb1","Th1/2"
"Th1vsMixed",0.868441630881303,"H2-DMb2","Th1/2"
"Th2vsMixed",0.0281176362983517,"H2-DMb2","Th1/2"
"Th1vsMixed",0.0639392557961135,"H2-T10.1","Th1/2"
"Th2vsMixed",0.00582470590568973,"H2-T10.1","Th1/2"
"Th1vsMixed",0.0525089583834251,"H2-T23.1","Th1/2"
"Th2vsMixed",0.0856690008957324,"H2-T23.1","Th1/2"
"Th1vsMixed",0.0471378868735279,"H2-T23.2","Th1/2"
"Th2vsMixed",0.16338978268441,"H2-T23.2","Th1/2"
"Th1vsMixed",0.317900527273783,"H28","Th1/2"
"Th2vsMixed",0.338497737041388,"H28","Th1/2"
"Th1vsMixed",0.0270685095926047,"Hipk2","Th1/2"
"Th2vsMixed",0.544551100582194,"Hipk2","Th1/2"
"Th1vsMixed",0.603629106097374,"Hopx","Th1/2"
"Th2vsMixed",0.1444368326215,"Hopx","Th1/2"
"Th1vsMixed",3.44065652794217e-05,"Hsd11b1.1","Th1/2"
"Th2vsMixed",0.00407315737247916,"Hsd11b1.1","Th1/2"
"Th1vsMixed",0.0298381826265531,"Hsh2d","Th1/2"
"Th2vsMixed",0.107539126297683,"Hsh2d","Th1/2"
"Th1vsMixed",0.00708161648059321,"Id1","Th1/2"
"Th2vsMixed",0.0175525340243015,"Id1","Th1/2"
"Th1vsMixed",0.00305865941405121,"Id2","Th1/2"
"Th2vsMixed",0.52493260853457,"Id2","Th1/2"
"Th1vsMixed",0.0375613505604831,"Id2.1","Th1/2"
"Th2vsMixed",0.0522943670601352,"Id2.1","Th1/2"
"Th1vsMixed",0.438102757514657,"Ifi202b","Th1/2"
"Th2vsMixed",0.0481397465235019,"Ifi202b","Th1/2"
"Th1vsMixed",0.763816603353934,"Ifi202b.1","Th1/2"
"Th2vsMixed",0.792971822831649,"Ifi202b.1","Th1/2"
"Th1vsMixed",0.0204221904266015,"Ifi203","Th1/2"
"Th2vsMixed",0.383159305964165,"Ifi203","Th1/2"
"Th1vsMixed",0.0842840636092057,"Ifi35","Th1/2"
"Th2vsMixed",0.780786175777208,"Ifi35","Th1/2"
"Th1vsMixed",0.717009069121214,"Ifih1","Th1/2"
"Th2vsMixed",0.753683314131148,"Ifih1","Th1/2"
"Th1vsMixed",0.000860818333545285,"Ifit2","Th1/2"
"Th2vsMixed",0.0672267635464506,"Ifit2","Th1/2"
"Th1vsMixed",7.89582998315412e-05,"Ifit2.1","Th1/2"
"Th2vsMixed",0.987499888357253,"Ifit2.1","Th1/2"
"Th1vsMixed",0.00055102984143165,"Ifit3","Th1/2"
"Th2vsMixed",0.0654732504157955,"Ifit3","Th1/2"
"Th1vsMixed",0.000111921237164744,"Ifit3.1","Th1/2"
"Th2vsMixed",0.0573583921362229,"Ifit3.1","Th1/2"
"Th1vsMixed",0.0248939673493116,"Ifitm3","Th1/2"
"Th2vsMixed",0.000252010391719671,"Ifitm3","Th1/2"
"Th1vsMixed",3.58999007372286e-05,"Ifng","Th1/2"
"Th2vsMixed",0.00111576357089606,"Ifng","Th1/2"
"Th1vsMixed",0.000123050081582836,"Ifng.1","Th1/2"
"Th2vsMixed",0.00200090064437401,"Ifng.1","Th1/2"
"Th1vsMixed",0.404410656944314,"Igfbp7.1","Th1/2"
"Th2vsMixed",0.735427258489509,"Igfbp7.1","Th1/2"
"Th1vsMixed",0.481814655931441,"Igtp","Th1/2"
"Th2vsMixed",0.297642889005617,"Igtp","Th1/2"
"Th1vsMixed",0.160873873735392,"Iigp2","Th1/2"
"Th2vsMixed",0.166155268446544,"Iigp2","Th1/2"
"Th1vsMixed",0.000332150373728903,"Il11ra1","Th1/2"
"Th2vsMixed",0.0638147355051185,"Il11ra1","Th1/2"
"Th1vsMixed",0.165236688509932,"Il12rb2","Th1/2"
"Th2vsMixed",0.000113764072341156,"Il12rb2","Th1/2"
"Th1vsMixed",7.1769357970762e-07,"Il18r1","Th1/2"
"Th2vsMixed",0.0116663075476394,"Il18r1","Th1/2"
"Th1vsMixed",0.156609942242759,"Il18rap","Th1/2"
"Th2vsMixed",0.192521051651136,"Il18rap","Th1/2"
"Th1vsMixed",1.14808614949113e-07,"Il4","Th1/2"
"Th2vsMixed",0.734514197216047,"Il4","Th1/2"
"Th1vsMixed",0.013167644229039,"Il4ra","Th1/2"
"Th2vsMixed",0.33217911637847,"Il4ra","Th1/2"
"Th1vsMixed",0.000512070899327187,"Inpp5a.1","Th1/2"
"Th2vsMixed",0.136577156790102,"Inpp5a.1","Th1/2"
"Th1vsMixed",0.000299563239530535,"Irf7","Th1/2"
"Th2vsMixed",0.0246321622853505,"Irf7","Th1/2"
"Th1vsMixed",0.000341452905049681,"Irf9","Th1/2"
"Th2vsMixed",0.520324166662567,"Irf9","Th1/2"
"Th1vsMixed",0.0948903765649932,"Irf9.1","Th1/2"
"Th2vsMixed",0.49339493518428,"Irf9.1","Th1/2"
"Th1vsMixed",0.0148659418205586,"Irgm","Th1/2"
"Th2vsMixed",0.0195848552340555,"Irgm","Th1/2"
"Th1vsMixed",0.0105512368858432,"Isg20","Th1/2"
"Th2vsMixed",0.213408188301935,"Isg20","Th1/2"
"Th1vsMixed",0.421187526808175,"Itpr1","Th1/2"
"Th2vsMixed",0.000641668997352548,"Itpr1","Th1/2"
"Th1vsMixed",0.0243687132680725,"Kbtbd7.2","Th1/2"
"Th2vsMixed",0.451013051342737,"Kbtbd7.2","Th1/2"
"Th1vsMixed",5.3190189515267e-05,"Klk8","Th1/2"
"Th2vsMixed",0.151315702694886,"Klk8","Th1/2"
"Th1vsMixed",5.40754728622848e-06,"Klrd1","Th1/2"
"Th2vsMixed",0.00623529187249159,"Klrd1","Th1/2"
"Th1vsMixed",0.0657726828610903,"Klrk1.3","Th1/2"
"Th2vsMixed",0.223703854411131,"Klrk1.3","Th1/2"
"Th1vsMixed",1.87270049511702e-05,"Ldhd","Th1/2"
"Th2vsMixed",0.516207893310527,"Ldhd","Th1/2"
"Th1vsMixed",0.000930084058952827,"Lgals3","Th1/2"
"Th2vsMixed",0.0406304599323367,"Lgals3","Th1/2"
"Th1vsMixed",0.00320430539033478,"Lgals3bp","Th1/2"
"Th2vsMixed",0.32362378757495,"Lgals3bp","Th1/2"
"Th1vsMixed",0.0289204969630149,"Lif.1","Th1/2"
"Th2vsMixed",0.137237136844852,"Lif.1","Th1/2"
"Th1vsMixed",0.233760487759566,"LOC435565","Th1/2"
"Th2vsMixed",0.00579511420657144,"LOC435565","Th1/2"
"Th1vsMixed",0.00152295598303081,"LOC625360","Th1/2"
"Th2vsMixed",0.0174542674819679,"LOC625360","Th1/2"
"Th1vsMixed",0.0283064527786342,"Lrrk1.1","Th1/2"
"Th2vsMixed",0.000590333336646977,"Lrrk1.1","Th1/2"
"Th1vsMixed",0.0576953049868465,"Ltbp1.4","Th1/2"
"Th2vsMixed",0.421190143830429,"Ltbp1.4","Th1/2"
"Th1vsMixed",0.215876762485248,"Ly6a","Th1/2"
"Th2vsMixed",8.632419258518e-07,"Ly6a","Th1/2"
"Th1vsMixed",0.325364452223251,"Ly6c1","Th1/2"
"Th2vsMixed",5.08666215133618e-07,"Ly6c1","Th1/2"
"Th1vsMixed",0.00263889475576024,"Ly9","Th1/2"
"Th2vsMixed",0.270723640914847,"Ly9","Th1/2"
"Th1vsMixed",0.140560618558931,"Mapre2","Th1/2"
"Th2vsMixed",0.0585258530447285,"Mapre2","Th1/2"
"Th1vsMixed",0.000736710976142148,"Marcks","Th1/2"
"Th2vsMixed",0.0116887435345668,"Marcks","Th1/2"
"Th1vsMixed",8.11415857092949e-08,"Matk.1","Th1/2"
"Th2vsMixed",0.000705275007730269,"Matk.1","Th1/2"
"Th1vsMixed",2.36327376677119e-06,"Matk.2","Th1/2"
"Th2vsMixed",0.0256420295311674,"Matk.2","Th1/2"
"Th1vsMixed",0.00217632017930858,"Mef2c.2","Th1/2"
"Th2vsMixed",0.191226363995182,"Mef2c.2","Th1/2"
"Th1vsMixed",1.90086331667664e-05,"Mgll","Th1/2"
"Th2vsMixed",0.188786591859301,"Mgll","Th1/2"
"Th1vsMixed",2.77872832969763e-05,"Mgll.1","Th1/2"
"Th2vsMixed",0.930963430192211,"Mgll.1","Th1/2"
"Th1vsMixed",9.10033832160755e-07,"Mgll.2","Th1/2"
"Th2vsMixed",0.0713005854693008,"Mgll.2","Th1/2"
"Th1vsMixed",0.000633590235527983,"Mitd1","Th1/2"
"Th2vsMixed",0.520127869493793,"Mitd1","Th1/2"
"Th1vsMixed",0.208484694904571,"Mllt3.1","Th1/2"
"Th2vsMixed",0.199664256911727,"Mllt3.1","Th1/2"
"Th1vsMixed",0.00219228197754097,"Morc3","Th1/2"
"Th2vsMixed",0.944698072222953,"Morc3","Th1/2"
"Th1vsMixed",0.56353773164294,"Mov10","Th1/2"
"Th2vsMixed",0.174057989969946,"Mov10","Th1/2"
"Th1vsMixed",1.21808678474488e-05,"Mov10.1","Th1/2"
"Th2vsMixed",0.212023735879057,"Mov10.1","Th1/2"
"Th1vsMixed",0.0438915090199329,"Ms4a6b","Th1/2"
"Th2vsMixed",0.136250203110047,"Ms4a6b","Th1/2"
"Th1vsMixed",0.000107246828837961,"Ms4a6d.1","Th1/2"
"Th2vsMixed",0.00498644586155454,"Ms4a6d.1","Th1/2"
"Th1vsMixed",0.00198646789579896,"Msr2","Th1/2"
"Th2vsMixed",0.825840551445126,"Msr2","Th1/2"
"Th1vsMixed",0.634394517308289,"Mtap6.2","Th1/2"
"Th2vsMixed",0.662395274410795,"Mtap6.2","Th1/2"
"Th1vsMixed",0.0439169401538503,"Mtap6.3","Th1/2"
"Th2vsMixed",0.0183267172203472,"Mtap6.3","Th1/2"
"Th1vsMixed",5.15537065650794e-05,"Muc13","Th1/2"
"Th2vsMixed",0.70915429026685,"Muc13","Th1/2"
"Th1vsMixed",0.229522954776346,"Mx1","Th1/2"
"Th2vsMixed",0.0980681172253822,"Mx1","Th1/2"
"Th1vsMixed",0.000574308835857884,"Mxra8","Th1/2"
"Th2vsMixed",0.80204364059318,"Mxra8","Th1/2"
"Th1vsMixed",1.247630439768e-05,"Myo6.1","Th1/2"
"Th2vsMixed",0.000910057702237597,"Myo6.1","Th1/2"
"Th1vsMixed",0.00680627145083479,"Nat5","Th1/2"
"Th2vsMixed",0.256728763477767,"Nat5","Th1/2"
"Th1vsMixed",9.76685627026562e-05,"Nat5.2","Th1/2"
"Th2vsMixed",0.130454389721941,"Nat5.2","Th1/2"
"Th1vsMixed",0.145325357483102,"Nelf.1","Th1/2"
"Th2vsMixed",0.254653074396773,"Nelf.1","Th1/2"
"Th1vsMixed",0.000476807394890876,"Niban","Th1/2"
"Th2vsMixed",0.845665867127942,"Niban","Th1/2"
"Th1vsMixed",5.29115854372803e-07,"Nin","Th1/2"
"Th2vsMixed",0.0229920077608738,"Nin","Th1/2"
"Th1vsMixed",0.00129792528478371,"Nkg7","Th1/2"
"Th2vsMixed",0.527726276250127,"Nkg7","Th1/2"
"Th1vsMixed",5.01066391064882e-06,"Nod1","Th1/2"
"Th2vsMixed",0.00104789910796637,"Nod1","Th1/2"
"Th1vsMixed",0.00529951754882784,"Nqo2","Th1/2"
"Th2vsMixed",0.674458551153976,"Nqo2","Th1/2"
"Th1vsMixed",0.362244455189801,"Nrp1","Th1/2"
"Th2vsMixed",0.436815489421241,"Nrp1","Th1/2"
"Th1vsMixed",0.413971138195662,"Nrp1.1","Th1/2"
"Th2vsMixed",0.49580940533701,"Nrp1.1","Th1/2"
"Th1vsMixed",0.000662691995316678,"Ntrk3.1","Th1/2"
"Th2vsMixed",0.115917795746209,"Ntrk3.1","Th1/2"
"Th1vsMixed",0.0100080312345619,"Ntrk3.2","Th1/2"
"Th2vsMixed",0.195748362258934,"Ntrk3.2","Th1/2"
"Th1vsMixed",2.48846021093703e-06,"Nts","Th1/2"
"Th2vsMixed",0.462028725432222,"Nts","Th1/2"
"Th1vsMixed",0.00013906442167187,"Oas1b","Th1/2"
"Th2vsMixed",0.330084227892819,"Oas1b","Th1/2"
"Th1vsMixed",0.153641048849926,"Oas1g","Th1/2"
"Th2vsMixed",0.427923346034112,"Oas1g","Th1/2"
"Th1vsMixed",0.0871236798516258,"Oas1g.3","Th1/2"
"Th2vsMixed",0.730269705765845,"Oas1g.3","Th1/2"
"Th1vsMixed",0.000880050256053349,"Oas2","Th1/2"
"Th2vsMixed",0.866621029106979,"Oas2","Th1/2"
"Th1vsMixed",0.022467516356954,"Oasl1","Th1/2"
"Th2vsMixed",0.00875809311589708,"Oasl1","Th1/2"
"Th1vsMixed",0.0456967200982341,"Oasl1.2","Th1/2"
"Th2vsMixed",0.0201439670595831,"Oasl1.2","Th1/2"
"Th1vsMixed",0.414266883389957,"Oasl2","Th1/2"
"Th2vsMixed",0.851953624851745,"Oasl2","Th1/2"
"Th1vsMixed",0.388018409718523,"Oasl2.1","Th1/2"
"Th2vsMixed",0.615049661308363,"Oasl2.1","Th1/2"
"Th1vsMixed",0.000242033513723914,"Ociad2","Th1/2"
"Th2vsMixed",0.0123291274596362,"Ociad2","Th1/2"
"Th1vsMixed",0.000329292432572409,"Odf2.1","Th1/2"
"Th2vsMixed",0.252337656869258,"Odf2.1","Th1/2"
"Th1vsMixed",8.10327824294894e-06,"P2ry14","Th1/2"
"Th2vsMixed",0.0133383183903422,"P2ry14","Th1/2"
"Th1vsMixed",8.5798054904511e-06,"P2ry14.2","Th1/2"
"Th2vsMixed",0.00646633933676239,"P2ry14.2","Th1/2"
"Th1vsMixed",0.00333009054889915,"Parp12","Th1/2"
"Th2vsMixed",0.847833185790263,"Parp12","Th1/2"
"Th1vsMixed",0.00226726427109853,"Parp14","Th1/2"
"Th2vsMixed",0.472603234125391,"Parp14","Th1/2"
"Th1vsMixed",0.000146103127323312,"Phf11","Th1/2"
"Th2vsMixed",0.000800060951130714,"Phf11","Th1/2"
"Th1vsMixed",1.92233532620464e-06,"Phf11.2","Th1/2"
"Th2vsMixed",9.56920739728847e-06,"Phf11.2","Th1/2"
"Th1vsMixed",0.0305160589378031,"Phkg2","Th1/2"
"Th2vsMixed",0.251764585178142,"Phkg2","Th1/2"
"Th1vsMixed",6.19379613599548e-05,"Phldb1","Th1/2"
"Th2vsMixed",0.129968734041687,"Phldb1","Th1/2"
"Th1vsMixed",0.0145972229975134,"Pik3ap1","Th1/2"
"Th2vsMixed",0.000761667423922283,"Pik3ap1","Th1/2"
"Th1vsMixed",0.000180088384137792,"Pim2.1","Th1/2"
"Th2vsMixed",0.794397201691483,"Pim2.1","Th1/2"
"Th1vsMixed",0.000312532363097898,"Pip5k1b","Th1/2"
"Th2vsMixed",0.166255842076239,"Pip5k1b","Th1/2"
"Th1vsMixed",0.104466314744594,"Plac8","Th1/2"
"Th2vsMixed",1.77211320089171e-07,"Plac8","Th1/2"
"Th1vsMixed",0.00423827608811658,"Pld4","Th1/2"
"Th2vsMixed",0.0106741623254624,"Pld4","Th1/2"
"Th1vsMixed",1.76445809499865e-05,"Pon2","Th1/2"
"Th2vsMixed",0.00204895727740974,"Pon2","Th1/2"
"Th1vsMixed",2.37524360570998e-05,"Pparg.2","Th1/2"
"Th2vsMixed",0.189219909871179,"Pparg.2","Th1/2"
"Th1vsMixed",0.0664816620038811,"Ppp3ca.2","Th1/2"
"Th2vsMixed",0.00474014988754424,"Ppp3ca.2","Th1/2"
"Th1vsMixed",6.9122791916887e-05,"Prdx5.1","Th1/2"
"Th2vsMixed",0.180768434648275,"Prdx5.1","Th1/2"
"Th1vsMixed",0.449196576599817,"Prm1","Th1/2"
"Th2vsMixed",0.0333941538607965,"Prm1","Th1/2"
"Th1vsMixed",0.44695134274955,"Prm1.1","Th1/2"
"Th2vsMixed",0.0369491049752668,"Prm1.1","Th1/2"
"Th1vsMixed",5.26950559575039e-05,"Pros1","Th1/2"
"Th2vsMixed",0.29959348204049,"Pros1","Th1/2"
"Th1vsMixed",9.16707721151559e-05,"Prr15","Th1/2"
"Th2vsMixed",0.293042870445429,"Prr15","Th1/2"
"Th1vsMixed",0.000157046681212676,"Pter","Th1/2"
"Th2vsMixed",0.00218947605572021,"Pter","Th1/2"
"Th1vsMixed",0.0016751945090157,"Ptpn12","Th1/2"
"Th2vsMixed",0.927040317494689,"Ptpn12","Th1/2"
"Th1vsMixed",0.07372281742561,"Ptprk","Th1/2"
"Th2vsMixed",0.00161914184775545,"Ptprk","Th1/2"
"Th1vsMixed",4.33049225677463e-05,"R3hdm1.1","Th1/2"
"Th2vsMixed",0.0781290273889318,"R3hdm1.1","Th1/2"
"Th1vsMixed",4.69798696025531e-07,"Rab33a","Th1/2"
"Th2vsMixed",0.00307460212154423,"Rab33a","Th1/2"
"Th1vsMixed",0.000877462251362433,"Rab6ip1","Th1/2"
"Th2vsMixed",0.981213384566576,"Rab6ip1","Th1/2"
"Th1vsMixed",3.30420528417982e-06,"Rapgef5","Th1/2"
"Th2vsMixed",0.173432750709335,"Rapgef5","Th1/2"
"Th1vsMixed",0.000416740498855572,"Rasa1","Th1/2"
"Th2vsMixed",0.515145459248631,"Rasa1","Th1/2"
"Th1vsMixed",0.000129162030323961,"Rexo2","Th1/2"
"Th2vsMixed",0.721666591933366,"Rexo2","Th1/2"
"Th1vsMixed",2.89863956735837e-05,"Rhobtb1","Th1/2"
"Th2vsMixed",0.00180252259124107,"Rhobtb1","Th1/2"
"Th1vsMixed",0.0303804844993273,"Ripk3","Th1/2"
"Th2vsMixed",0.564723394052453,"Ripk3","Th1/2"
"Th1vsMixed",0.00102651147986971,"Rnf213","Th1/2"
"Th2vsMixed",0.274138390603093,"Rnf213","Th1/2"
"Th1vsMixed",0.00146472696583935,"Rsad2","Th1/2"
"Th2vsMixed",0.259863974379006,"Rsad2","Th1/2"
"Th1vsMixed",0.00626234708267873,"Rtp4","Th1/2"
"Th2vsMixed",0.731081965476915,"Rtp4","Th1/2"
"Th1vsMixed",0.0100342947014019,"Samhd1","Th1/2"
"Th2vsMixed",0.0288991245248227,"Samhd1","Th1/2"
"Th1vsMixed",0.00364283565159072,"Sco1","Th1/2"
"Th2vsMixed",0.00312709655743749,"Sco1","Th1/2"
"Th1vsMixed",0.0505820672467171,"Sco1.1","Th1/2"
"Th2vsMixed",0.988377047508904,"Sco1.1","Th1/2"
"Th1vsMixed",0.00222454312202485,"Selenbp2","Th1/2"
"Th2vsMixed",0.480032706000886,"Selenbp2","Th1/2"
"Th1vsMixed",0.545220241853862,"Sema3b","Th1/2"
"Th2vsMixed",0.0165600268352664,"Sema3b","Th1/2"
"Th1vsMixed",0.0476296625238107,"Sema4b","Th1/2"
"Th2vsMixed",0.517915799069564,"Sema4b","Th1/2"
"Th1vsMixed",0.326476328452533,"Serpina3f","Th1/2"
"Th2vsMixed",0.0735018343477376,"Serpina3f","Th1/2"
"Th1vsMixed",0.00011562461335603,"Sgk3.1","Th1/2"
"Th2vsMixed",0.46662153489516,"Sgk3.1","Th1/2"
"Th1vsMixed",0.00212799942699798,"Shh","Th1/2"
"Th2vsMixed",0.827552935540253,"Shh","Th1/2"
"Th1vsMixed",0.264261047257599,"Slc17a6","Th1/2"
"Th2vsMixed",0.0265737405088256,"Slc17a6","Th1/2"
"Th1vsMixed",5.9807022434184e-05,"Slfn1","Th1/2"
"Th2vsMixed",0.0792668281471759,"Slfn1","Th1/2"
"Th1vsMixed",5.1209716526264e-07,"Sln","Th1/2"
"Th2vsMixed",0.0108637515918373,"Sln","Th1/2"
"Th1vsMixed",2.78612284280325e-05,"Smpdl3b","Th1/2"
"Th2vsMixed",0.0795328553136374,"Smpdl3b","Th1/2"
"Th1vsMixed",0.000704298704112214,"Snx10","Th1/2"
"Th2vsMixed",0.214415903640614,"Snx10","Th1/2"
"Th1vsMixed",1.27620015151853e-05,"Soat1","Th1/2"
"Th2vsMixed",0.19983598680947,"Soat1","Th1/2"
"Th1vsMixed",8.3095477339373e-06,"Sod1","Th1/2"
"Th2vsMixed",0.057968826932064,"Sod1","Th1/2"
"Th1vsMixed",0.000542036076719,"Sp100","Th1/2"
"Th2vsMixed",0.201460335321133,"Sp100","Th1/2"
"Th1vsMixed",0.0153794834530114,"Sp100.1","Th1/2"
"Th2vsMixed",0.0389219127127768,"Sp100.1","Th1/2"
"Th1vsMixed",0.0001768109576446,"Spsb1","Th1/2"
"Th2vsMixed",0.572481582493487,"Spsb1","Th1/2"
"Th1vsMixed",6.6055853268638e-06,"St3gal1","Th1/2"
"Th2vsMixed",0.323585475276569,"St3gal1","Th1/2"
"Th1vsMixed",1.59059758449124e-05,"St3gal1.1","Th1/2"
"Th2vsMixed",0.391246696973586,"St3gal1.1","Th1/2"
"Th1vsMixed",0.00186350438428685,"St3gal6","Th1/2"
"Th2vsMixed",0.000231731675022227,"St3gal6","Th1/2"
"Th1vsMixed",0.000142948241976494,"Stambpl1","Th1/2"
"Th2vsMixed",0.712955313257856,"Stambpl1","Th1/2"
"Th1vsMixed",0.0257462423873926,"Stat1","Th1/2"
"Th2vsMixed",0.00484316059703226,"Stat1","Th1/2"
"Th1vsMixed",0.161811324861034,"Stat2","Th1/2"
"Th2vsMixed",0.0427788502984204,"Stat2","Th1/2"
"Th1vsMixed",0.00452041994704235,"Stra6","Th1/2"
"Th2vsMixed",0.0123021098011631,"Stra6","Th1/2"
"Th1vsMixed",0.00257930087183796,"Suhw2","Th1/2"
"Th2vsMixed",0.745886523276891,"Suhw2","Th1/2"
"Th1vsMixed",0.00268932930415205,"Syngr1.1","Th1/2"
"Th2vsMixed",0.0164706624889973,"Syngr1.1","Th1/2"
"Th1vsMixed",0.00428816013075107,"Sypl.1","Th1/2"
"Th2vsMixed",0.186214342465484,"Sypl.1","Th1/2"
"Th1vsMixed",0.080595023271298,"Tap1","Th1/2"
"Th2vsMixed",0.436715670345946,"Tap1","Th1/2"
"Th1vsMixed",0.00264441081407897,"Tap2","Th1/2"
"Th2vsMixed",0.878097574703925,"Tap2","Th1/2"
"Th1vsMixed",0.0466795902391892,"Tapbpl.2","Th1/2"
"Th2vsMixed",0.0242291306852333,"Tapbpl.2","Th1/2"
"Th1vsMixed",0.00138505430356301,"Tarbp2.1","Th1/2"
"Th2vsMixed",0.747558208904415,"Tarbp2.1","Th1/2"
"Th1vsMixed",0.00473619420736809,"Tdrd7","Th1/2"
"Th2vsMixed",0.000303963211268336,"Tdrd7","Th1/2"
"Th1vsMixed",0.00121045456493714,"Tec","Th1/2"
"Th2vsMixed",0.272365522340747,"Tec","Th1/2"
"Th1vsMixed",0.0126631647404489,"Tgfbr1.1","Th1/2"
"Th2vsMixed",0.651487454924783,"Tgfbr1.1","Th1/2"
"Th1vsMixed",0.574773299300261,"Tha1","Th1/2"
"Th2vsMixed",0.00672818149198799,"Tha1","Th1/2"
"Th1vsMixed",1.34225012156244e-05,"Tiam1","Th1/2"
"Th2vsMixed",0.278314402551272,"Tiam1","Th1/2"
"Th1vsMixed",6.1984655119079e-06,"Timd2","Th1/2"
"Th2vsMixed",0.0550673286263488,"Timd2","Th1/2"
"Th1vsMixed",7.0165019385382e-06,"Tle6","Th1/2"
"Th2vsMixed",0.309317893249854,"Tle6","Th1/2"
"Th1vsMixed",0.00108367003283717,"Tlr7","Th1/2"
"Th2vsMixed",0.367472076175498,"Tlr7","Th1/2"
"Th1vsMixed",0.000871372442117358,"Tmem38b","Th1/2"
"Th2vsMixed",0.23128062156523,"Tmem38b","Th1/2"
"Th1vsMixed",0.00079584482382674,"Tmem38b.1","Th1/2"
"Th2vsMixed",0.140200071258853,"Tmem38b.1","Th1/2"
"Th1vsMixed",3.06045202135475e-05,"Tmem65","Th1/2"
"Th2vsMixed",0.0473610562448436,"Tmem65","Th1/2"
"Th1vsMixed",0.00456519248215008,"Tnfsf13b","Th1/2"
"Th2vsMixed",0.00531623148311775,"Tnfsf13b","Th1/2"
"Th1vsMixed",0.116814819475755,"Trafd1","Th1/2"
"Th2vsMixed",0.00457371872258594,"Trafd1","Th1/2"
"Th1vsMixed",0.000341119696458022,"Trex1.1","Th1/2"
"Th2vsMixed",0.714046016701373,"Trex1.1","Th1/2"
"Th1vsMixed",0.000126782733790257,"Trim21","Th1/2"
"Th2vsMixed",0.960172357961597,"Trim21","Th1/2"
"Th1vsMixed",0.568766149959931,"Trim25","Th1/2"
"Th2vsMixed",0.00156794360399261,"Trim25","Th1/2"
"Th1vsMixed",0.000312331287642427,"Trim34","Th1/2"
"Th2vsMixed",0.0912505211738549,"Trim34","Th1/2"
"Th1vsMixed",0.00118118910786347,"Trim34.1","Th1/2"
"Th2vsMixed",0.165843589925572,"Trim34.1","Th1/2"
"Th1vsMixed",0.0125736147317007,"Tspan6","Th1/2"
"Th2vsMixed",0.0569383292937322,"Tspan6","Th1/2"
"Th1vsMixed",2.74372104609947e-05,"Tspan6.1","Th1/2"
"Th2vsMixed",0.00214649836259296,"Tspan6.1","Th1/2"
"Th1vsMixed",0.244067593409431,"Ttc27","Th1/2"
"Th2vsMixed",0.0852321722072077,"Ttc27","Th1/2"
"Th1vsMixed",0.046914577847148,"Ube2f.1","Th1/2"
"Th2vsMixed",0.00019937160576015,"Ube2f.1","Th1/2"
"Th1vsMixed",0.932835138211594,"Ube2f.2","Th1/2"
"Th2vsMixed",0.0677680206647919,"Ube2f.2","Th1/2"
"Th1vsMixed",0.5010499449332,"Ube2l6","Th1/2"
"Th2vsMixed",0.546795369129675,"Ube2l6","Th1/2"
"Th1vsMixed",0.0126203780571885,"Ube2q2.2","Th1/2"
"Th2vsMixed",0.1703638375126,"Ube2q2.2","Th1/2"
"Th1vsMixed",0.0435589463718328,"Usp18","Th1/2"
"Th2vsMixed",0.0151767084514965,"Usp18","Th1/2"
"Th1vsMixed",0.0527212796423198,"Usp18.1","Th1/2"
"Th2vsMixed",0.0276802650223466,"Usp18.1","Th1/2"
"Th1vsMixed",0.00203654510692181,"Vezf1","Th1/2"
"Th2vsMixed",0.00572658061594038,"Vezf1","Th1/2"
"Th1vsMixed",0.041836531865937,"Wipi2","Th1/2"
"Th2vsMixed",0.219567184881001,"Wipi2","Th1/2"
"Th1vsMixed",0.460079680512071,"Zbp1.1","Th1/2"
"Th2vsMixed",0.553944785649625,"Zbp1.1","Th1/2"
"Th1vsMixed",0.0100014407592743,"Zbtb32","Th1/2"
"Th2vsMixed",0.0667998629522645,"Zbtb32","Th1/2"
"Th1vsMixed",0.000815381909314671,"Zbtb32.1","Th1/2"
"Th2vsMixed",0.00485262181249494,"Zbtb32.1","Th1/2"
"Th1vsMixed",0.0412071394841892,"Zc3h12d","Th1/2"
"Th2vsMixed",0.36595892618135,"Zc3h12d","Th1/2"
"Th1vsMixed",0.0179531318265656,"Zfp768","Th1/2"
"Th2vsMixed",0.0864789765964162,"Zfp768","Th1/2"
"Th1vsMixed",0.000122988142660483,"Znfx1","Th1/2"
"Th2vsMixed",0.437723441043545,"Znfx1","Th1/2"
"Th1vsMixed",0.26235123098421,"1110067D22Rik","Th0"
"Th2vsMixed",2.77999894600794e-05,"1110067D22Rik","Th0"
"Th1vsMixed",0.209778998018161,"2010001M09Rik","Th0"
"Th2vsMixed",0.0172199156969712,"2010001M09Rik","Th0"
"Th1vsMixed",0.897076057866827,"2310004I24Rik","Th0"
"Th2vsMixed",0.00386570473544625,"2310004I24Rik","Th0"
"Th1vsMixed",0.948384704658828,"2510009E07Rik","Th0"
"Th2vsMixed",0.0064980998546064,"2510009E07Rik","Th0"
"Th1vsMixed",0.325745114319714,"2510009E07Rik.2","Th0"
"Th2vsMixed",0.000835928191620947,"2510009E07Rik.2","Th0"
"Th1vsMixed",0.258877601822337,"2810474O19Rik","Th0"
"Th2vsMixed",0.00635575641632621,"2810474O19Rik","Th0"
"Th1vsMixed",0.0993014737059626,"4930539E08Rik","Th0"
"Th2vsMixed",2.50223935431791e-05,"4930539E08Rik","Th0"
"Th1vsMixed",0.0914252439364829,"5730469M10Rik","Th0"
"Th2vsMixed",0.000645843924583368,"5730469M10Rik","Th0"
"Th1vsMixed",0.0382158212725571,"5730469M10Rik.1","Th0"
"Th2vsMixed",0.00253801898538568,"5730469M10Rik.1","Th0"
"Th1vsMixed",0.314970633724213,"9930111J21Rik","Th0"
"Th2vsMixed",0.000100319173221906,"9930111J21Rik","Th0"
"Th1vsMixed",0.739474292156346,"A630077B13Rik","Th0"
"Th2vsMixed",0.704370295079594,"A630077B13Rik","Th0"
"Th1vsMixed",3.11540132454647e-06,"Actr3b","Th0"
"Th2vsMixed",0.276777499910438,"Actr3b","Th0"
"Th1vsMixed",0.00791163509422885,"Adar","Th0"
"Th2vsMixed",0.000349665313214009,"Adar","Th0"
"Th1vsMixed",0.768348601305588,"Adora3.1","Th0"
"Th2vsMixed",0.831055951682914,"Adora3.1","Th0"
"Th1vsMixed",0.275852001174925,"Aff4","Th0"
"Th2vsMixed",0.000586419867198609,"Aff4","Th0"
"Th1vsMixed",0.128279848930422,"AI451557","Th0"
"Th2vsMixed",7.80536819375027e-05,"AI451557","Th0"
"Th1vsMixed",0.00515057789490761,"AI451617","Th0"
"Th2vsMixed",7.92166487632146e-08,"AI451617","Th0"
"Th1vsMixed",0.000926770929118307,"Akr1c18","Th0"
"Th2vsMixed",0.000121030081036722,"Akr1c18","Th0"
"Th1vsMixed",0.342888352240705,"Amica1","Th0"
"Th2vsMixed",5.43015503544648e-06,"Amica1","Th0"
"Th1vsMixed",0.869059530990422,"Antxr2","Th0"
"Th2vsMixed",4.41937597246327e-05,"Antxr2","Th0"
"Th1vsMixed",0.434074797680355,"Anxa9","Th0"
"Th2vsMixed",0.00241590125490761,"Anxa9","Th0"
"Th1vsMixed",0.645302088802719,"Aqp9","Th0"
"Th2vsMixed",4.52756465015657e-05,"Aqp9","Th0"
"Th1vsMixed",0.134268970219463,"Armcx6.1","Th0"
"Th2vsMixed",2.99835081097235e-05,"Armcx6.1","Th0"
"Th1vsMixed",0.58013839299299,"Asb13.1","Th0"
"Th2vsMixed",0.00893348075863059,"Asb13.1","Th0"
"Th1vsMixed",0.0854554455541922,"Asb2","Th0"
"Th2vsMixed",0.000729097413900115,"Asb2","Th0"
"Th1vsMixed",0.866533217657634,"Atg2a.1","Th0"
"Th2vsMixed",0.0256189199214195,"Atg2a.1","Th0"
"Th1vsMixed",0.504626956400173,"Atp10a","Th0"
"Th2vsMixed",9.36400384984973e-05,"Atp10a","Th0"
"Th1vsMixed",0.725809836917811,"B930041F14Rik","Th0"
"Th2vsMixed",0.000100614910566835,"B930041F14Rik","Th0"
"Th1vsMixed",0.16646450998849,"Bbs12","Th0"
"Th2vsMixed",3.10954840392245e-05,"Bbs12","Th0"
"Th1vsMixed",0.730652419367749,"BC006779","Th0"
"Th2vsMixed",3.62004675379021e-05,"BC006779","Th0"
"Th1vsMixed",0.716624446015778,"BC038156","Th0"
"Th2vsMixed",0.000823375413080453,"BC038156","Th0"
"Th1vsMixed",0.525964789114934,"BC057079","Th0"
"Th2vsMixed",0.00449081529683902,"BC057079","Th0"
"Th1vsMixed",0.629979451541078,"BC094916","Th0"
"Th2vsMixed",0.000796332961295359,"BC094916","Th0"
"Th1vsMixed",0.713696926618777,"BC094916.1","Th0"
"Th2vsMixed",8.53704492715429e-05,"BC094916.1","Th0"
"Th1vsMixed",0.295494358930502,"Bst2","Th0"
"Th2vsMixed",0.00238821140840712,"Bst2","Th0"
"Th1vsMixed",0.793232204561328,"Bzrap1","Th0"
"Th2vsMixed",0.00284333748243577,"Bzrap1","Th0"
"Th1vsMixed",0.167152562197087,"C030048B08Rik.1","Th0"
"Th2vsMixed",0.000432681522415954,"C030048B08Rik.1","Th0"
"Th1vsMixed",0.108858339674014,"C730027P07Rik","Th0"
"Th2vsMixed",0.567500922722668,"C730027P07Rik","Th0"
"Th1vsMixed",0.000488391942385097,"Car5b.2","Th0"
"Th2vsMixed",1.72467963280998e-06,"Car5b.2","Th0"
"Th1vsMixed",0.749125585422983,"Casp1","Th0"
"Th2vsMixed",0.00010308879804511,"Casp1","Th0"
"Th1vsMixed",0.496183563572182,"Casp6","Th0"
"Th2vsMixed",0.00844252685722748,"Casp6","Th0"
"Th1vsMixed",0.0667619378399675,"Casp6.1","Th0"
"Th2vsMixed",0.000182790709152325,"Casp6.1","Th0"
"Th1vsMixed",0.315350043313242,"Ccr5","Th0"
"Th2vsMixed",0.0864067874071448,"Ccr5","Th0"
"Th1vsMixed",0.599639988461737,"Ccr5.1","Th0"
"Th2vsMixed",0.0723252727350576,"Ccr5.1","Th0"
"Th1vsMixed",0.0034922618332577,"Ccr5.2","Th0"
"Th2vsMixed",0.00144825046287803,"Ccr5.2","Th0"
"Th1vsMixed",0.0649749926491756,"Cd79b","Th0"
"Th2vsMixed",0.0801920999917995,"Cd79b","Th0"
"Th1vsMixed",0.206648715611406,"Cd79b.1","Th0"
"Th2vsMixed",0.0684651379138204,"Cd79b.1","Th0"
"Th1vsMixed",0.727120858837134,"Cd80","Th0"
"Th2vsMixed",3.19384535243887e-05,"Cd80","Th0"
"Th1vsMixed",0.0676461898400386,"Cd86","Th0"
"Th2vsMixed",0.000254611519113176,"Cd86","Th0"
"Th1vsMixed",0.0243822601296203,"Cd86.1","Th0"
"Th2vsMixed",0.000171679114948133,"Cd86.1","Th0"
"Th1vsMixed",0.0205336813893005,"Cd86.2","Th0"
"Th2vsMixed",4.82206477560448e-05,"Cd86.2","Th0"
"Th1vsMixed",0.614514235203794,"Cdc42se1.1","Th0"
"Th2vsMixed",0.00741956158314027,"Cdc42se1.1","Th0"
"Th1vsMixed",0.00270202470057435,"Cercam","Th0"
"Th2vsMixed",0.0294272780468456,"Cercam","Th0"
"Th1vsMixed",0.0707365990529683,"Ch25h","Th0"
"Th2vsMixed",0.00981478350469034,"Ch25h","Th0"
"Th1vsMixed",0.938694215650784,"Clec2e","Th0"
"Th2vsMixed",0.000454698956249494,"Clec2e","Th0"
"Th1vsMixed",0.686708249306069,"Clpx","Th0"
"Th2vsMixed",0.0178514001209569,"Clpx","Th0"
"Th1vsMixed",0.00148767363319921,"Cox7a1","Th0"
"Th2vsMixed",0.000268841470842057,"Cox7a1","Th0"
"Th1vsMixed",0.679158290845314,"Csprs","Th0"
"Th2vsMixed",2.77650193392218e-06,"Csprs","Th0"
"Th1vsMixed",5.63932828923685e-07,"Ctsw","Th0"
"Th2vsMixed",0.000147195208682325,"Ctsw","Th0"
"Th1vsMixed",0.0018763301223428,"Cuedc1","Th0"
"Th2vsMixed",0.000131394449678373,"Cuedc1","Th0"
"Th1vsMixed",0.00123330554386683,"Cxcr3","Th0"
"Th2vsMixed",0.00770396384719421,"Cxcr3","Th0"
"Th1vsMixed",0.00801388289247436,"Cyp2s1","Th0"
"Th2vsMixed",0.00987729198968679,"Cyp2s1","Th0"
"Th1vsMixed",0.878712898598552,"D14Ertd668e.1","Th0"
"Th2vsMixed",3.41876657455839e-06,"D14Ertd668e.1","Th0"
"Th1vsMixed",0.818608371596333,"D330045A20Rik","Th0"
"Th2vsMixed",0.744973786268254,"D330045A20Rik","Th0"
"Th1vsMixed",0.101386592692019,"D330045A20Rik.1","Th0"
"Th2vsMixed",0.513920752142692,"D330045A20Rik.1","Th0"
"Th1vsMixed",0.917484733342233,"D330045A20Rik.2","Th0"
"Th2vsMixed",0.943495887510064,"D330045A20Rik.2","Th0"
"Th1vsMixed",0.0373699002209263,"Dbndd2.2","Th0"
"Th2vsMixed",0.00135209450730268,"Dbndd2.2","Th0"
"Th1vsMixed",0.086379815442795,"Ddx26b","Th0"
"Th2vsMixed",4.52626721963351e-06,"Ddx26b","Th0"
"Th1vsMixed",0.699440272429159,"Ddx58","Th0"
"Th2vsMixed",0.000183658033635073,"Ddx58","Th0"
"Th1vsMixed",0.112047083316358,"Ddx60","Th0"
"Th2vsMixed",3.71222118245074e-07,"Ddx60","Th0"
"Th1vsMixed",0.0239806836300109,"Dhx58","Th0"
"Th2vsMixed",9.79238772290887e-06,"Dhx58","Th0"
"Th1vsMixed",0.155099879494825,"Dhx58.1","Th0"
"Th2vsMixed",1.14746183158655e-05,"Dhx58.1","Th0"
"Th1vsMixed",0.213159745504214,"Dnalc1.1","Th0"
"Th2vsMixed",0.000374329502344637,"Dnalc1.1","Th0"
"Th1vsMixed",0.765136815952471,"Dtx3l","Th0"
"Th2vsMixed",0.000417430907389513,"Dtx3l","Th0"
"Th1vsMixed",0.571714751489106,"Dusp14","Th0"
"Th2vsMixed",0.00439456324418947,"Dusp14","Th0"
"Th1vsMixed",0.501494363976338,"Edn1","Th0"
"Th2vsMixed",0.636406544744245,"Edn1","Th0"
"Th1vsMixed",0.477687746861703,"Efna5","Th0"
"Th2vsMixed",0.00370719557594182,"Efna5","Th0"
"Th1vsMixed",0.0492856963015124,"EG240327","Th0"
"Th2vsMixed",1.38320280325923e-05,"EG240327","Th0"
"Th1vsMixed",0.40890348920697,"EG630499.1","Th0"
"Th2vsMixed",0.000126724668756872,"EG630499.1","Th0"
"Th1vsMixed",0.122702863276265,"Emr1","Th0"
"Th2vsMixed",0.000100347110298084,"Emr1","Th0"
"Th1vsMixed",0.0251912380992492,"Endod1","Th0"
"Th2vsMixed",0.00138816081154779,"Endod1","Th0"
"Th1vsMixed",0.289736107496347,"Enpp4","Th0"
"Th2vsMixed",0.0634482112447384,"Enpp4","Th0"
"Th1vsMixed",0.0182498432718783,"Eomes","Th0"
"Th2vsMixed",5.84076116094898e-05,"Eomes","Th0"
"Th1vsMixed",0.5425576423511,"Epm2aip1.3","Th0"
"Th2vsMixed",0.0924730392550395,"Epm2aip1.3","Th0"
"Th1vsMixed",0.0588213062399977,"Etv6","Th0"
"Th2vsMixed",0.00378585330976257,"Etv6","Th0"
"Th1vsMixed",0.484082009583174,"Fcrls","Th0"
"Th2vsMixed",0.0843846100819529,"Fcrls","Th0"
"Th1vsMixed",0.187851985744375,"Fes","Th0"
"Th2vsMixed",0.0542619350242165,"Fes","Th0"
"Th1vsMixed",0.187390692695991,"Ffar2","Th0"
"Th2vsMixed",0.987114318598192,"Ffar2","Th0"
"Th1vsMixed",0.578430769741564,"Fgl2","Th0"
"Th2vsMixed",0.000577983796272873,"Fgl2","Th0"
"Th1vsMixed",0.513480415805473,"Fhl2","Th0"
"Th2vsMixed",0.0113110205608486,"Fhl2","Th0"
"Th1vsMixed",0.0391631455256738,"Fmnl3.1","Th0"
"Th2vsMixed",0.000429223866550622,"Fmnl3.1","Th0"
"Th1vsMixed",0.0271980643890435,"Fos","Th0"
"Th2vsMixed",5.88201046481516e-05,"Fos","Th0"
"Th1vsMixed",0.164560908844218,"Foxq1","Th0"
"Th2vsMixed",0.191899939832577,"Foxq1","Th0"
"Th1vsMixed",0.00343283346839129,"Fscn1","Th0"
"Th2vsMixed",0.0117875791618467,"Fscn1","Th0"
"Th1vsMixed",0.000647665463557432,"Furin","Th0"
"Th2vsMixed",0.685163241804643,"Furin","Th0"
"Th1vsMixed",0.000150465683539836,"Furin.2","Th0"
"Th2vsMixed",0.676988067962384,"Furin.2","Th0"
"Th1vsMixed",0.478024513504206,"Gata3","Th0"
"Th2vsMixed",0.0151913349970327,"Gata3","Th0"
"Th1vsMixed",0.438806302309278,"Gbp1","Th0"
"Th2vsMixed",0.0257141739260296,"Gbp1","Th0"
"Th1vsMixed",0.338914195814362,"Gbp3.1","Th0"
"Th2vsMixed",0.00602734142448528,"Gbp3.1","Th0"
"Th1vsMixed",0.371835810541902,"Gbp5","Th0"
"Th2vsMixed",0.00122907738364405,"Gbp5","Th0"
"Th1vsMixed",0.0323808595160249,"Gbp5.1","Th0"
"Th2vsMixed",0.000242586898083902,"Gbp5.1","Th0"
"Th1vsMixed",0.339925966359778,"Gbp6","Th0"
"Th2vsMixed",0.0074596823735004,"Gbp6","Th0"
"Th1vsMixed",0.103684424205028,"Gbp6.1","Th0"
"Th2vsMixed",0.00389575268018121,"Gbp6.1","Th0"
"Th1vsMixed",0.0891302818177934,"Gnaq.2","Th0"
"Th2vsMixed",0.00749358382069498,"Gnaq.2","Th0"
"Th1vsMixed",0.67963411834336,"Gnpda1","Th0"
"Th2vsMixed",0.0297931874836955,"Gnpda1","Th0"
"Th1vsMixed",0.387710036742827,"Gnpda1.1","Th0"
"Th2vsMixed",1.86978354660836e-05,"Gnpda1.1","Th0"
"Th1vsMixed",0.953384278759891,"Gpr114","Th0"
"Th2vsMixed",5.10408794942161e-06,"Gpr114","Th0"
"Th1vsMixed",0.0884515249705154,"Gpr65","Th0"
"Th2vsMixed",0.110158936899586,"Gpr65","Th0"
"Th1vsMixed",0.0187509137769217,"Gpr83","Th0"
"Th2vsMixed",0.0303777388056709,"Gpr83","Th0"
"Th1vsMixed",0.017741707802945,"Gramd3.1","Th0"
"Th2vsMixed",0.0069148121480696,"Gramd3.1","Th0"
"Th1vsMixed",0.384809342111258,"Gvin1","Th0"
"Th2vsMixed",0.000175543065627841,"Gvin1","Th0"
"Th1vsMixed",0.118289013455428,"Gypc","Th0"
"Th2vsMixed",0.000197679699366472,"Gypc","Th0"
"Th1vsMixed",0.138099427615325,"H2-DMb1","Th0"
"Th2vsMixed",1.45038153720569e-05,"H2-DMb1","Th0"
"Th1vsMixed",0.229291089483307,"H2-DMb2","Th0"
"Th2vsMixed",0.000265949691697778,"H2-DMb2","Th0"
"Th1vsMixed",0.573753416724816,"H2-T10.1","Th0"
"Th2vsMixed",1.50898641337554e-06,"H2-T10.1","Th0"
"Th1vsMixed",0.909254152954469,"H2-T23.1","Th0"
"Th2vsMixed",6.46698657726114e-05,"H2-T23.1","Th0"
"Th1vsMixed",0.572969838734392,"H2-T23.2","Th0"
"Th2vsMixed",0.000121532449075085,"H2-T23.2","Th0"
"Th1vsMixed",0.0902707770130756,"H28","Th0"
"Th2vsMixed",2.53145435448212e-05,"H28","Th0"
"Th1vsMixed",0.169096559961691,"Hipk2","Th0"
"Th2vsMixed",0.000156902980856946,"Hipk2","Th0"
"Th1vsMixed",0.082452655816445,"Hopx","Th0"
"Th2vsMixed",0.269689956136698,"Hopx","Th0"
"Th1vsMixed",0.886114821687292,"Hsd11b1.1","Th0"
"Th2vsMixed",4.95562915632294e-05,"Hsd11b1.1","Th0"
"Th1vsMixed",0.884346974567213,"Hsh2d","Th0"
"Th2vsMixed",8.85287324389118e-05,"Hsh2d","Th0"
"Th1vsMixed",0.0760794403076507,"Id1","Th0"
"Th2vsMixed",0.00068739251559883,"Id1","Th0"
"Th1vsMixed",0.0241860614910492,"Id2","Th0"
"Th2vsMixed",0.000151834900654566,"Id2","Th0"
"Th1vsMixed",0.467238951675031,"Id2.1","Th0"
"Th2vsMixed",0.00977512373247174,"Id2.1","Th0"
"Th1vsMixed",0.574351790000918,"Ifi202b","Th0"
"Th2vsMixed",0.00123919542026164,"Ifi202b","Th0"
"Th1vsMixed",0.919262643533146,"Ifi202b.1","Th0"
"Th2vsMixed",0.00148348974757399,"Ifi202b.1","Th0"
"Th1vsMixed",0.313614441462946,"Ifi203","Th0"
"Th2vsMixed",0.000128220050954014,"Ifi203","Th0"
"Th1vsMixed",0.277306795360813,"Ifi35","Th0"
"Th2vsMixed",0.000572021158926613,"Ifi35","Th0"
"Th1vsMixed",0.514572475659229,"Ifih1","Th0"
"Th2vsMixed",0.0257685263673729,"Ifih1","Th0"
"Th1vsMixed",0.573188310510391,"Ifit2","Th0"
"Th2vsMixed",0.000696951889458075,"Ifit2","Th0"
"Th1vsMixed",0.21454181191093,"Ifit2.1","Th0"
"Th2vsMixed",0.000193447011781372,"Ifit2.1","Th0"
"Th1vsMixed",0.551306185893832,"Ifit3","Th0"
"Th2vsMixed",0.000155030290631235,"Ifit3","Th0"
"Th1vsMixed",0.559156343723314,"Ifit3.1","Th0"
"Th2vsMixed",2.67205551271656e-05,"Ifit3.1","Th0"
"Th1vsMixed",0.0221825359232448,"Ifitm3","Th0"
"Th2vsMixed",2.77030740975839e-05,"Ifitm3","Th0"
"Th1vsMixed",0.00599977361411349,"Ifng","Th0"
"Th2vsMixed",0.00839234420348093,"Ifng","Th0"
"Th1vsMixed",0.00653857166220157,"Ifng.1","Th0"
"Th2vsMixed",0.00347959603118298,"Ifng.1","Th0"
"Th1vsMixed",0.562881690087806,"Igfbp7.1","Th0"
"Th2vsMixed",0.478114947460057,"Igfbp7.1","Th0"
"Th1vsMixed",0.227967751639302,"Igtp","Th0"
"Th2vsMixed",0.0328198132906006,"Igtp","Th0"
"Th1vsMixed",0.692064505959781,"Iigp2","Th0"
"Th2vsMixed",0.929735129757374,"Iigp2","Th0"
"Th1vsMixed",0.972407899668114,"Il11ra1","Th0"
"Th2vsMixed",0.000302973443612012,"Il11ra1","Th0"
"Th1vsMixed",0.226682478758061,"Il12rb2","Th0"
"Th2vsMixed",5.04521976049655e-05,"Il12rb2","Th0"
"Th1vsMixed",0.0145162742856962,"Il18r1","Th0"
"Th2vsMixed",1.95772120418305e-06,"Il18r1","Th0"
"Th1vsMixed",0.559888346399165,"Il18rap","Th0"
"Th2vsMixed",0.000515222437089843,"Il18rap","Th0"
"Th1vsMixed",0.453172464331643,"Il4","Th0"
"Th2vsMixed",0.00482286472128878,"Il4","Th0"
"Th1vsMixed",0.750286945707574,"Il4ra","Th0"
"Th2vsMixed",0.0122931250828145,"Il4ra","Th0"
"Th1vsMixed",0.889898145092933,"Inpp5a.1","Th0"
"Th2vsMixed",0.000804960569501925,"Inpp5a.1","Th0"
"Th1vsMixed",0.494487680083759,"Irf7","Th0"
"Th2vsMixed",8.29054937596837e-06,"Irf7","Th0"
"Th1vsMixed",0.0140373933741743,"Irf9","Th0"
"Th2vsMixed",1.10689784983e-05,"Irf9","Th0"
"Th1vsMixed",0.931410278336606,"Irf9.1","Th0"
"Th2vsMixed",0.00510180774414263,"Irf9.1","Th0"
"Th1vsMixed",0.190763584483643,"Irgm","Th0"
"Th2vsMixed",0.873820729256638,"Irgm","Th0"
"Th1vsMixed",0.279545644798417,"Isg20","Th0"
"Th2vsMixed",9.41378632501936e-06,"Isg20","Th0"
"Th1vsMixed",0.156737180735273,"Itpr1","Th0"
"Th2vsMixed",0.00166422962911624,"Itpr1","Th0"
"Th1vsMixed",0.041113796274247,"Kbtbd7.2","Th0"
"Th2vsMixed",2.77634210961782e-05,"Kbtbd7.2","Th0"
"Th1vsMixed",0.229444102524451,"Klk8","Th0"
"Th2vsMixed",0.00112566117718816,"Klk8","Th0"
"Th1vsMixed",0.000150451093726138,"Klrd1","Th0"
"Th2vsMixed",0.00151568795149975,"Klrd1","Th0"
"Th1vsMixed",0.166825760841748,"Klrk1.3","Th0"
"Th2vsMixed",0.00472323301549661,"Klrk1.3","Th0"
"Th1vsMixed",0.0201186269804767,"Ldhd","Th0"
"Th2vsMixed",0.0682985555744113,"Ldhd","Th0"
"Th1vsMixed",0.0398751248459475,"Lgals3","Th0"
"Th2vsMixed",0.00128430785862793,"Lgals3","Th0"
"Th1vsMixed",0.702067486762463,"Lgals3bp","Th0"
"Th2vsMixed",3.57602135062852e-05,"Lgals3bp","Th0"
"Th1vsMixed",0.00308939022670155,"Lif.1","Th0"
"Th2vsMixed",0.801322937984565,"Lif.1","Th0"
"Th1vsMixed",0.0228216284716655,"LOC435565","Th0"
"Th2vsMixed",1.07490587278377e-05,"LOC435565","Th0"
"Th1vsMixed",0.538938834807267,"LOC625360","Th0"
"Th2vsMixed",9.02538257631828e-07,"LOC625360","Th0"
"Th1vsMixed",0.993812405457844,"Lrrk1.1","Th0"
"Th2vsMixed",0.0194462232813192,"Lrrk1.1","Th0"
"Th1vsMixed",4.90781910501284e-05,"Ltbp1.4","Th0"
"Th2vsMixed",0.541418227619743,"Ltbp1.4","Th0"
"Th1vsMixed",0.0244058706725113,"Ly6a","Th0"
"Th2vsMixed",1.74834664496953e-05,"Ly6a","Th0"
"Th1vsMixed",0.0519906634420012,"Ly6c1","Th0"
"Th2vsMixed",7.80708014235979e-07,"Ly6c1","Th0"
"Th1vsMixed",0.400010443928063,"Ly9","Th0"
"Th2vsMixed",0.0229256202085276,"Ly9","Th0"
"Th1vsMixed",0.557492709794441,"Mapre2","Th0"
"Th2vsMixed",0.0140314219781466,"Mapre2","Th0"
"Th1vsMixed",0.851640739438932,"Marcks","Th0"
"Th2vsMixed",0.00309024606984588,"Marcks","Th0"
"Th1vsMixed",0.000437890540126141,"Matk.1","Th0"
"Th2vsMixed",5.27481055400697e-06,"Matk.1","Th0"
"Th1vsMixed",0.00414903665110052,"Matk.2","Th0"
"Th2vsMixed",0.0002368108923739,"Matk.2","Th0"
"Th1vsMixed",0.704164199941796,"Mef2c.2","Th0"
"Th2vsMixed",0.000107625888688021,"Mef2c.2","Th0"
"Th1vsMixed",0.00695348536975423,"Mgll","Th0"
"Th2vsMixed",0.00142558126644862,"Mgll","Th0"
"Th1vsMixed",0.388136122359744,"Mgll.1","Th0"
"Th2vsMixed",0.15351168232854,"Mgll.1","Th0"
"Th1vsMixed",0.00888040008024626,"Mgll.2","Th0"
"Th2vsMixed",0.0040094241241485,"Mgll.2","Th0"
"Th1vsMixed",0.225315298154694,"Mitd1","Th0"
"Th2vsMixed",3.43796221091707e-06,"Mitd1","Th0"
"Th1vsMixed",0.20321362983221,"Mllt3.1","Th0"
"Th2vsMixed",0.00290214479632567,"Mllt3.1","Th0"
"Th1vsMixed",0.48363042169484,"Morc3","Th0"
"Th2vsMixed",0.0088027953403784,"Morc3","Th0"
"Th1vsMixed",0.0155293655021337,"Mov10","Th0"
"Th2vsMixed",4.13599676826987e-06,"Mov10","Th0"
"Th1vsMixed",0.550343815750493,"Mov10.1","Th0"
"Th2vsMixed",8.90033411187437e-05,"Mov10.1","Th0"
"Th1vsMixed",0.873663263582992,"Ms4a6b","Th0"
"Th2vsMixed",0.00511192904498725,"Ms4a6b","Th0"
"Th1vsMixed",0.101134239601897,"Ms4a6d.1","Th0"
"Th2vsMixed",0.0143313748075954,"Ms4a6d.1","Th0"
"Th1vsMixed",0.357689423605868,"Msr2","Th0"
"Th2vsMixed",0.164743428540071,"Msr2","Th0"
"Th1vsMixed",0.104984385971076,"Mtap6.2","Th0"
"Th2vsMixed",1.48699573305984e-05,"Mtap6.2","Th0"
"Th1vsMixed",0.18769421380633,"Mtap6.3","Th0"
"Th2vsMixed",0.000139477194875768,"Mtap6.3","Th0"
"Th1vsMixed",0.0165042309328958,"Muc13","Th0"
"Th2vsMixed",0.000128161438087959,"Muc13","Th0"
"Th1vsMixed",0.92533909397042,"Mx1","Th0"
"Th2vsMixed",0.000118469252354526,"Mx1","Th0"
"Th1vsMixed",0.170069887456943,"Mxra8","Th0"
"Th2vsMixed",0.00530245289951518,"Mxra8","Th0"
"Th1vsMixed",0.007963590499955,"Myo6.1","Th0"
"Th2vsMixed",3.25378607208286e-07,"Myo6.1","Th0"
"Th1vsMixed",0.0659261840954564,"Nat5","Th0"
"Th2vsMixed",0.0125990122452526,"Nat5","Th0"
"Th1vsMixed",0.815647216753676,"Nat5.2","Th0"
"Th2vsMixed",3.828097543909e-05,"Nat5.2","Th0"
"Th1vsMixed",0.137280335937027,"Nelf.1","Th0"
"Th2vsMixed",0.0145558912446293,"Nelf.1","Th0"
"Th1vsMixed",0.322950374982033,"Niban","Th0"
"Th2vsMixed",6.43230477842265e-06,"Niban","Th0"
"Th1vsMixed",0.364979978080119,"Nin","Th0"
"Th2vsMixed",0.000457105286987987,"Nin","Th0"
"Th1vsMixed",0.00363052900550403,"Nkg7","Th0"
"Th2vsMixed",0.00050047322512849,"Nkg7","Th0"
"Th1vsMixed",0.0583440933162647,"Nod1","Th0"
"Th2vsMixed",2.77609894364045e-05,"Nod1","Th0"
"Th1vsMixed",0.50211132217512,"Nqo2","Th0"
"Th2vsMixed",1.9051158853278e-06,"Nqo2","Th0"
"Th1vsMixed",0.00399308814567487,"Nrp1","Th0"
"Th2vsMixed",0.249693184263888,"Nrp1","Th0"
"Th1vsMixed",0.00502645210615813,"Nrp1.1","Th0"
"Th2vsMixed",0.170996390602362,"Nrp1.1","Th0"
"Th1vsMixed",0.0248945318318817,"Ntrk3.1","Th0"
"Th2vsMixed",0.0224336951552024,"Ntrk3.1","Th0"
"Th1vsMixed",0.06779285449154,"Ntrk3.2","Th0"
"Th2vsMixed",0.0424988881322487,"Ntrk3.2","Th0"
"Th1vsMixed",0.263936094259222,"Nts","Th0"
"Th2vsMixed",0.360078776020565,"Nts","Th0"
"Th1vsMixed",0.513363174722293,"Oas1b","Th0"
"Th2vsMixed",0.00017428463566554,"Oas1b","Th0"
"Th1vsMixed",0.647705435728376,"Oas1g","Th0"
"Th2vsMixed",0.000148013237363389,"Oas1g","Th0"
"Th1vsMixed",0.339479668874984,"Oas1g.3","Th0"
"Th2vsMixed",0.000112349355362674,"Oas1g.3","Th0"
"Th1vsMixed",0.427905901619934,"Oas2","Th0"
"Th2vsMixed",7.04226706332724e-05,"Oas2","Th0"
"Th1vsMixed",0.35150637767826,"Oasl1","Th0"
"Th2vsMixed",0.000175228386314744,"Oasl1","Th0"
"Th1vsMixed",0.362951013150409,"Oasl1.2","Th0"
"Th2vsMixed",5.41960202069558e-05,"Oasl1.2","Th0"
"Th1vsMixed",0.286205383357786,"Oasl2","Th0"
"Th2vsMixed",3.21755435377497e-05,"Oasl2","Th0"
"Th1vsMixed",0.155032688807033,"Oasl2.1","Th0"
"Th2vsMixed",0.00170816664868193,"Oasl2.1","Th0"
"Th1vsMixed",0.000681844911651389,"Ociad2","Th0"
"Th2vsMixed",5.43572822611712e-06,"Ociad2","Th0"
"Th1vsMixed",0.405964665398779,"Odf2.1","Th0"
"Th2vsMixed",0.00173068059845018,"Odf2.1","Th0"
"Th1vsMixed",0.00357981708308477,"P2ry14","Th0"
"Th2vsMixed",2.07927272739858e-06,"P2ry14","Th0"
"Th1vsMixed",0.00687286118339805,"P2ry14.2","Th0"
"Th2vsMixed",2.40186910007724e-06,"P2ry14.2","Th0"
"Th1vsMixed",0.377910173164564,"Parp12","Th0"
"Th2vsMixed",0.00288554856759064,"Parp12","Th0"
"Th1vsMixed",0.637763356141921,"Parp14","Th0"
"Th2vsMixed",0.0140623408296076,"Parp14","Th0"
"Th1vsMixed",0.166947886838087,"Phf11","Th0"
"Th2vsMixed",2.02207556761073e-06,"Phf11","Th0"
"Th1vsMixed",0.418524389474372,"Phf11.2","Th0"
"Th2vsMixed",1.32372679347427e-06,"Phf11.2","Th0"
"Th1vsMixed",0.456326614298624,"Phkg2","Th0"
"Th2vsMixed",0.0112683054783326,"Phkg2","Th0"
"Th1vsMixed",0.0277367808316976,"Phldb1","Th0"
"Th2vsMixed",0.0322106312452874,"Phldb1","Th0"
"Th1vsMixed",0.0275589659588098,"Pik3ap1","Th0"
"Th2vsMixed",5.13097027314309e-06,"Pik3ap1","Th0"
"Th1vsMixed",0.117585342229426,"Pim2.1","Th0"
"Th2vsMixed",0.0313959620815311,"Pim2.1","Th0"
"Th1vsMixed",0.0475027600466177,"Pip5k1b","Th0"
"Th2vsMixed",0.0130037957795825,"Pip5k1b","Th0"
"Th1vsMixed",0.0182061202369765,"Plac8","Th0"
"Th2vsMixed",2.83850878930982e-05,"Plac8","Th0"
"Th1vsMixed",0.107746854060243,"Pld4","Th0"
"Th2vsMixed",0.00182169641165751,"Pld4","Th0"
"Th1vsMixed",0.995167567153192,"Pon2","Th0"
"Th2vsMixed",0.00444400102258463,"Pon2","Th0"
"Th1vsMixed",0.952025007459028,"Pparg.2","Th0"
"Th2vsMixed",0.412308358740894,"Pparg.2","Th0"
"Th1vsMixed",0.23941919210377,"Ppp3ca.2","Th0"
"Th2vsMixed",1.26019993594152e-05,"Ppp3ca.2","Th0"
"Th1vsMixed",0.0401625039508999,"Prdx5.1","Th0"
"Th2vsMixed",0.0178261615099508,"Prdx5.1","Th0"
"Th1vsMixed",0.726652050498391,"Prm1","Th0"
"Th2vsMixed",0.000134918088850525,"Prm1","Th0"
"Th1vsMixed",0.802768403643862,"Prm1.1","Th0"
"Th2vsMixed",0.000120826108801631,"Prm1.1","Th0"
"Th1vsMixed",0.042768714169021,"Pros1","Th0"
"Th2vsMixed",8.68396828504149e-07,"Pros1","Th0"
"Th1vsMixed",0.0132220188495497,"Prr15","Th0"
"Th2vsMixed",0.756038421694803,"Prr15","Th0"
"Th1vsMixed",0.193352796194241,"Pter","Th0"
"Th2vsMixed",0.000219206952245899,"Pter","Th0"
"Th1vsMixed",0.231263990749941,"Ptpn12","Th0"
"Th2vsMixed",0.0937862853379205,"Ptpn12","Th0"
"Th1vsMixed",0.0149915085789837,"Ptprk","Th0"
"Th2vsMixed",0.0114353465553613,"Ptprk","Th0"
"Th1vsMixed",0.133829995817901,"R3hdm1.1","Th0"
"Th2vsMixed",0.447339310246967,"R3hdm1.1","Th0"
"Th1vsMixed",0.000134847223020424,"Rab33a","Th0"
"Th2vsMixed",0.0247382640831867,"Rab33a","Th0"
"Th1vsMixed",0.0281861554577082,"Rab6ip1","Th0"
"Th2vsMixed",0.0358928258379043,"Rab6ip1","Th0"
"Th1vsMixed",0.0612479846205713,"Rapgef5","Th0"
"Th2vsMixed",0.00891435488427337,"Rapgef5","Th0"
"Th1vsMixed",0.133597144280746,"Rasa1","Th0"
"Th2vsMixed",0.00679657133253235,"Rasa1","Th0"
"Th1vsMixed",0.0162878213126609,"Rexo2","Th0"
"Th2vsMixed",0.000721179151256542,"Rexo2","Th0"
"Th1vsMixed",0.000159661358037428,"Rhobtb1","Th0"
"Th2vsMixed",0.000798377778399999,"Rhobtb1","Th0"
"Th1vsMixed",0.391798692005674,"Ripk3","Th0"
"Th2vsMixed",0.000170214102664959,"Ripk3","Th0"
"Th1vsMixed",0.474969215527907,"Rnf213","Th0"
"Th2vsMixed",0.000147643656824562,"Rnf213","Th0"
"Th1vsMixed",0.265658603256062,"Rsad2","Th0"
"Th2vsMixed",0.000155608830629533,"Rsad2","Th0"
"Th1vsMixed",0.327183167964238,"Rtp4","Th0"
"Th2vsMixed",0.000433123971316704,"Rtp4","Th0"
"Th1vsMixed",0.263472481950088,"Samhd1","Th0"
"Th2vsMixed",0.00416259451928067,"Samhd1","Th0"
"Th1vsMixed",0.0988996675880828,"Sco1","Th0"
"Th2vsMixed",3.31832716752722e-05,"Sco1","Th0"
"Th1vsMixed",0.592546856065382,"Sco1.1","Th0"
"Th2vsMixed",0.0221613183809189,"Sco1.1","Th0"
"Th1vsMixed",0.64406399541449,"Selenbp2","Th0"
"Th2vsMixed",0.0120539781705378,"Selenbp2","Th0"
"Th1vsMixed",0.00560590975019249,"Sema3b","Th0"
"Th2vsMixed",0.000120001356539797,"Sema3b","Th0"
"Th1vsMixed",0.678484503015821,"Sema4b","Th0"
"Th2vsMixed",6.71435191703429e-05,"Sema4b","Th0"
"Th1vsMixed",0.653094677925742,"Serpina3f","Th0"
"Th2vsMixed",0.00590288836043693,"Serpina3f","Th0"
"Th1vsMixed",0.195330687415565,"Sgk3.1","Th0"
"Th2vsMixed",0.00109913785296926,"Sgk3.1","Th0"
"Th1vsMixed",0.508043007526641,"Shh","Th0"
"Th2vsMixed",0.36203916519325,"Shh","Th0"
"Th1vsMixed",0.381584915928761,"Slc17a6","Th0"
"Th2vsMixed",0.0282963550942414,"Slc17a6","Th0"
"Th1vsMixed",0.426255258978448,"Slfn1","Th0"
"Th2vsMixed",4.99791301832997e-06,"Slfn1","Th0"
"Th1vsMixed",0.682464580957413,"Sln","Th0"
"Th2vsMixed",0.323910184627162,"Sln","Th0"
"Th1vsMixed",0.077509386101328,"Smpdl3b","Th0"
"Th2vsMixed",0.000639529149759726,"Smpdl3b","Th0"
"Th1vsMixed",0.6796233919785,"Snx10","Th0"
"Th2vsMixed",0.000165180803744825,"Snx10","Th0"
"Th1vsMixed",0.028044489599485,"Soat1","Th0"
"Th2vsMixed",0.0696357555382855,"Soat1","Th0"
"Th1vsMixed",0.0120940139794094,"Sod1","Th0"
"Th2vsMixed",0.028036631197569,"Sod1","Th0"
"Th1vsMixed",0.526365287789887,"Sp100","Th0"
"Th2vsMixed",9.1630091055261e-05,"Sp100","Th0"
"Th1vsMixed",0.471587739004869,"Sp100.1","Th0"
"Th2vsMixed",2.73848303497361e-06,"Sp100.1","Th0"
"Th1vsMixed",0.392367764262106,"Spsb1","Th0"
"Th2vsMixed",4.9245527579605e-05,"Spsb1","Th0"
"Th1vsMixed",0.179571614830754,"St3gal1","Th0"
"Th2vsMixed",0.614459062186805,"St3gal1","Th0"
"Th1vsMixed",0.1930142140255,"St3gal1.1","Th0"
"Th2vsMixed",0.322923399002036,"St3gal1.1","Th0"
"Th1vsMixed",0.000248480970007881,"St3gal6","Th0"
"Th2vsMixed",0.0150577224424483,"St3gal6","Th0"
"Th1vsMixed",0.384970134680003,"Stambpl1","Th0"
"Th2vsMixed",0.0545374714915965,"Stambpl1","Th0"
"Th1vsMixed",0.711168289742511,"Stat1","Th0"
"Th2vsMixed",0.00556140835836749,"Stat1","Th0"
"Th1vsMixed",0.0518547694714954,"Stat2","Th0"
"Th2vsMixed",5.81161505121721e-05,"Stat2","Th0"
"Th1vsMixed",0.463767506357888,"Stra6","Th0"
"Th2vsMixed",0.0116768299049188,"Stra6","Th0"
"Th1vsMixed",0.89690979768288,"Suhw2","Th0"
"Th2vsMixed",0.00733323736529839,"Suhw2","Th0"
"Th1vsMixed",0.028828608088576,"Syngr1.1","Th0"
"Th2vsMixed",0.0712579803048102,"Syngr1.1","Th0"
"Th1vsMixed",0.414625037086114,"Sypl.1","Th0"
"Th2vsMixed",0.0108399641385855,"Sypl.1","Th0"
"Th1vsMixed",0.107861770176386,"Tap1","Th0"
"Th2vsMixed",0.0013278124157441,"Tap1","Th0"
"Th1vsMixed",0.335053369047029,"Tap2","Th0"
"Th2vsMixed",0.12762860033085,"Tap2","Th0"
"Th1vsMixed",0.0269983771731165,"Tapbpl.2","Th0"
"Th2vsMixed",0.00211974727176868,"Tapbpl.2","Th0"
"Th1vsMixed",0.40096839574181,"Tarbp2.1","Th0"
"Th2vsMixed",3.4160180657627e-05,"Tarbp2.1","Th0"
"Th1vsMixed",0.303023383090262,"Tdrd7","Th0"
"Th2vsMixed",4.07444873840817e-06,"Tdrd7","Th0"
"Th1vsMixed",0.480954760933143,"Tec","Th0"
"Th2vsMixed",0.000116527658311644,"Tec","Th0"
"Th1vsMixed",0.0328944079436013,"Tgfbr1.1","Th0"
"Th2vsMixed",0.0015606155469635,"Tgfbr1.1","Th0"
"Th1vsMixed",0.931479539509706,"Tha1","Th0"
"Th2vsMixed",0.00135249878454862,"Tha1","Th0"
"Th1vsMixed",0.000122248593639483,"Tiam1","Th0"
"Th2vsMixed",0.0120205646839224,"Tiam1","Th0"
"Th1vsMixed",0.941725490474163,"Timd2","Th0"
"Th2vsMixed",0.188903248052024,"Timd2","Th0"
"Th1vsMixed",0.996376809770861,"Tle6","Th0"
"Th2vsMixed",0.229946110761901,"Tle6","Th0"
"Th1vsMixed",0.291919934048711,"Tlr7","Th0"
"Th2vsMixed",0.00365039848375589,"Tlr7","Th0"
"Th1vsMixed",0.750767389759356,"Tmem38b","Th0"
"Th2vsMixed",0.000436303610414063,"Tmem38b","Th0"
"Th1vsMixed",0.0447180821970928,"Tmem38b.1","Th0"
"Th2vsMixed",7.46138036702804e-06,"Tmem38b.1","Th0"
"Th1vsMixed",0.0756038885531322,"Tmem65","Th0"
"Th2vsMixed",8.6193727062266e-06,"Tmem65","Th0"
"Th1vsMixed",0.00906773994000798,"Tnfsf13b","Th0"
"Th2vsMixed",0.472882669597389,"Tnfsf13b","Th0"
"Th1vsMixed",0.0387385578585696,"Trafd1","Th0"
"Th2vsMixed",4.56294573071433e-06,"Trafd1","Th0"
"Th1vsMixed",0.182262248139265,"Trex1.1","Th0"
"Th2vsMixed",0.000961748264634329,"Trex1.1","Th0"
"Th1vsMixed",0.0743856494589186,"Trim21","Th0"
"Th2vsMixed",0.000939563426854462,"Trim21","Th0"
"Th1vsMixed",0.20194480275968,"Trim25","Th0"
"Th2vsMixed",3.67582190273298e-05,"Trim25","Th0"
"Th1vsMixed",0.435629181288525,"Trim34","Th0"
"Th2vsMixed",6.73281101189002e-05,"Trim34","Th0"
"Th1vsMixed",0.96229724649658,"Trim34.1","Th0"
"Th2vsMixed",2.68440480185782e-05,"Trim34.1","Th0"
"Th1vsMixed",0.607498626569269,"Tspan6","Th0"
"Th2vsMixed",0.00258298914287901,"Tspan6","Th0"
"Th1vsMixed",0.177373540089012,"Tspan6.1","Th0"
"Th2vsMixed",8.21593209195901e-05,"Tspan6.1","Th0"
"Th1vsMixed",0.000654927391246797,"Ttc27","Th0"
"Th2vsMixed",0.305759033562254,"Ttc27","Th0"
"Th1vsMixed",0.00139939231685634,"Ube2f.1","Th0"
"Th2vsMixed",0.0675756899691632,"Ube2f.1","Th0"
"Th1vsMixed",0.0257364095922599,"Ube2f.2","Th0"
"Th2vsMixed",0.437271883230034,"Ube2f.2","Th0"
"Th1vsMixed",0.829648717347006,"Ube2l6","Th0"
"Th2vsMixed",0.000277689938021552,"Ube2l6","Th0"
"Th1vsMixed",0.826121037587882,"Ube2q2.2","Th0"
"Th2vsMixed",0.00266933329441977,"Ube2q2.2","Th0"
"Th1vsMixed",0.239648796225079,"Usp18","Th0"
"Th2vsMixed",3.39045130722372e-06,"Usp18","Th0"
"Th1vsMixed",0.884446317228987,"Usp18.1","Th0"
"Th2vsMixed",2.51490594325811e-06,"Usp18.1","Th0"
"Th1vsMixed",0.000814669656416894,"Vezf1","Th0"
"Th2vsMixed",0.000100552930119369,"Vezf1","Th0"
"Th1vsMixed",0.379953747470044,"Wipi2","Th0"
"Th2vsMixed",0.000937351011771123,"Wipi2","Th0"
"Th1vsMixed",0.338034093242851,"Zbp1.1","Th0"
"Th2vsMixed",0.000166806606221717,"Zbp1.1","Th0"
"Th1vsMixed",0.00581839723526119,"Zbtb32","Th0"
"Th2vsMixed",0.000172782924956716,"Zbtb32","Th0"
"Th1vsMixed",0.000123813613242004,"Zbtb32.1","Th0"
"Th2vsMixed",5.39721158987295e-07,"Zbtb32.1","Th0"
"Th1vsMixed",0.0065206447117458,"Zc3h12d","Th0"
"Th2vsMixed",0.223507740046872,"Zc3h12d","Th0"
"Th1vsMixed",0.779313566273031,"Zfp768","Th0"
"Th2vsMixed",0.00650425229866798,"Zfp768","Th0"
"Th1vsMixed",0.999934901494073,"Znfx1","Th0"
"Th2vsMixed",0.000620381373274695,"Znfx1","Th0"
